dataset,subject,view,variant,ncc,gradient_ncc,mi_nats,proxy_ssim_raw,proxy_rmse_raw,shape_ssim,shape_rmse,shape_wasserstein,misposed_ncc,misposed_gradient_ncc,gradient_ncc_gap,vessel_roi_ncc,vessel_roi_gradient_ncc,fluoro_default_ssim,fluoro_default_rmse,fluoro_subject_window_ssim,fluoro_subject_window_rmse,xray_default_ssim,xray_subject_window_ssim,directory
deepfluoro,subject01,000,branch_as_is,0.9233271358327548,0.7760836584293751,0.9656927906638575,0.6633110137290226,0.2320455982618228,0.84163695738878,0.05892061381363873,0.013069154055538344,0.5304824133568977,0.024569144688208075,0.7515145137411671,,,0.9262471779284296,0.04779776651878291,0.7205122494115276,0.167426084765913,0.9257602094571418,0.6807138238740154,deepfluoro/subject01/000
deepfluoro,subject01,001,branch_as_is,0.9358398399387831,0.7845226222774251,1.030500007469737,0.6460127988918795,0.23728397500280993,0.8397174284341008,0.054708334682955356,0.011948364852679371,0.45305911604560756,0.05284334410689845,0.7316792781705266,,,0.9171925791753427,0.05303945535349443,0.7288681242946168,0.16453100688410408,0.9160804841177899,0.6863197401403127,deepfluoro/subject01/001
deepfluoro,subject01,002,branch_as_is,0.97936353254342,0.7679588586913524,2.0800810610692433,0.9227384767141563,0.0421005942325208,0.920248453188598,0.035443570022649626,0.022680346753391475,0.881693490461115,0.13872782340720002,0.6292310352841524,,,0.9522024605296607,0.024173269561479353,0.6755905969019069,0.22360820897995765,0.9481745054403686,0.5209724925610282,deepfluoro/subject01/002
deepfluoro,subject01,004,branch_as_is,0.9687363781910662,0.7651516073914992,1.8301835212313147,0.868680887806484,0.10541725896787438,0.9054802195639434,0.04228579164468804,0.026075821038846644,0.845874439620961,0.14444673919384088,0.6207048681976584,,,0.9489256538499515,0.03238701627598584,0.7128179748464125,0.22274523732443677,0.9484657586130409,0.5156758335406075,deepfluoro/subject01/004
deepfluoro,subject01,005,branch_as_is,0.978957345936342,0.7660937387525855,2.0433411843971405,0.9255422709549559,0.04214941821411432,0.9247510446418198,0.03523634491875229,0.022525141744712606,0.8776241455423582,0.14076302856584244,0.625330710186743,,,0.9540222476403365,0.023566985757253286,0.6796666550337755,0.22591322591183352,0.9514088518477922,0.5212294384581664,deepfluoro/subject01/005
deepfluoro,subject01,006,branch_as_is,0.9746938646819779,0.7799353816811606,1.9310788763797764,0.9177430291304001,0.058188366376300434,0.9261213551290965,0.03718651394285053,0.023874999841786447,0.8595247511948486,0.15662291897254568,0.623312462708615,,,0.9525838112275868,0.027519579461481716,0.6995713856030115,0.2234621713340795,0.9523506768529139,0.5211029497741057,deepfluoro/subject01/006
deepfluoro,subject01,007,branch_as_is,0.968169688547994,0.7617230769074194,1.7627246916461945,0.8601536118731689,0.09735225125003487,0.8928271842958918,0.042584044791220604,0.02615272567168017,0.8072618474083274,0.16631609617456142,0.5954069807328579,,,0.9454419332980166,0.02596865463583808,0.7082550705817366,0.23467275781255748,0.945633846659311,0.5241158464089878,deepfluoro/subject01/007
deepfluoro,subject01,008,branch_as_is,0.9596773179187094,0.764093753304186,1.5392664514436847,0.8229371725302386,0.12246316708821475,0.869103090935177,0.044998374641006644,0.02296204155872172,0.7436270603642597,0.15537517445408155,0.6087185788501045,,,0.9351141990474824,0.029877882655525975,0.7035090048265429,0.24309084815829696,0.9355638334268558,0.520741676941308,deepfluoro/subject01/008
deepfluoro,subject01,009,branch_as_is,0.9088680663647304,0.743764925745454,0.9937860337274541,0.8284195651084759,0.1133681643891538,0.872385086632201,0.05937876929258851,0.018947190085533784,0.6302495272454328,0.057379688135485406,0.6863852376099686,,,0.926800825368451,0.04118895214185419,0.7171604260434699,0.23709395901320068,0.9277333740511136,0.567668758112833,deepfluoro/subject01/009
deepfluoro,subject01,010,branch_as_is,0.9466742286763922,0.751183593538225,1.2537201554557909,0.7696433447818046,0.16102391287612972,0.8559701223286434,0.04880502110858821,0.018044271974027196,0.651660295390556,0.10384826853039444,0.6473353250078305,,,0.928033821965199,0.034563594075570206,0.7115869148668983,0.23953953683498996,0.9281408093846611,0.54200844556429,deepfluoro/subject01/010
deepfluoro,subject01,011,branch_as_is,0.9383597863806368,0.7679435826019589,1.0629066748347178,0.6925496817580518,0.211620151787187,0.8448889055655134,0.051678080693020025,0.010212244273452454,0.5471376309811044,0.08635642942055038,0.6815871531814086,,,0.9238532502133419,0.03898352447669629,0.7203534789108996,0.2319125124406462,0.9236929082351442,0.5722406169094946,deepfluoro/subject01/011
deepfluoro,subject01,012,branch_as_is,0.9311712018936877,0.791704435467538,1.010224865411812,0.7378297286742744,0.18603602979076034,0.8550449787073652,0.05049580563395676,0.007968147995031118,0.5010939213594524,0.06658197143811559,0.7251224640294224,,,0.9220194288709759,0.04062420896349742,0.7207405642444268,0.2210593558442911,0.9217419149317209,0.5931770500512772,deepfluoro/subject01/012
deepfluoro,subject01,013,branch_as_is,0.941328127946625,0.7862351082653384,1.097160254681146,0.761347473479261,0.16836276543538253,0.8637926719827144,0.04745825758946703,0.009201873359297296,0.5437154166600583,0.08844421643204306,0.6977908918332953,,,0.9235888773179539,0.042689625002573874,0.7265774290636647,0.2064796768206415,0.9228889913100949,0.6052948363260258,deepfluoro/subject01/013
deepfluoro,subject01,014,branch_as_is,0.9424671836716912,0.7779674688739006,1.129646032329234,0.7784824820076874,0.1426797197214545,0.858634453632323,0.05091323889461241,0.011286041880649179,0.599534481619106,0.08694283729369938,0.6910246315802012,,,0.9254412310205771,0.043047756883959974,0.7224470847372313,0.20576850953905468,0.9248542739196213,0.6005280945821798,deepfluoro/subject01/014
deepfluoro,subject01,015,branch_as_is,0.9248059957293365,0.7716488283135869,1.003163771628417,0.7838557094563076,0.13532465528618975,0.8532502906125394,0.058863111337612385,0.009757307076032387,0.5614917569573655,0.067754297440095,0.703894530873492,,,0.923536174394219,0.04679870480410403,0.7054085751732144,0.2100056631784022,0.9224086725400878,0.595173648357111,deepfluoro/subject01/015
deepfluoro,subject01,016,branch_as_is,0.922414281199347,0.7674198475699868,1.0630312238844377,0.8291549936874941,0.12061530006311448,0.8739222883900065,0.05783807589018242,0.012072887392246892,0.4889878844340023,0.04834456479854992,0.719075282771437,,,0.9289522894767825,0.043201799047682544,0.6784941084992643,0.23688952119747408,0.9289259991214852,0.5408105208099403,deepfluoro/subject01/016
deepfluoro,subject01,017,branch_as_is,0.9382121336146246,0.750649886935056,1.3019540641926803,0.8870282107850644,0.07220432045426028,0.8971323502926362,0.05532323633441365,0.018842574852285632,0.5641724197875825,0.028562389805210028,0.722087497129846,,,0.9354110744388008,0.04133161943927363,0.6755200020450228,0.249539388028565,0.9355711280878363,0.4848644906657946,deepfluoro/subject01/017
deepfluoro,subject01,018,branch_as_is,0.9369038294106151,0.7458344587957481,1.2427252735122267,0.8712023778391695,0.07396519074817927,0.8897485175153997,0.05053839908783296,0.019469869688482754,0.7015724434617164,0.05418058868033394,0.6916538701154141,,,0.9334916245955411,0.03957648539456579,0.7098337667149199,0.2554636692107124,0.9347632865590277,0.5299624357408446,deepfluoro/subject01/018
deepfluoro,subject01,019,branch_as_is,0.9406441557401394,0.7824584384019606,1.095911595776621,0.7246129057829023,0.19127292935019452,0.854233704615429,0.04851037897573004,0.012323546468338307,0.6092217181416578,0.06897377051999018,0.7134846678819704,,,0.9194438642490234,0.044248123859248326,0.7309304699558522,0.2016002166990553,0.9186952753908695,0.612041679315281,deepfluoro/subject01/019
deepfluoro,subject01,020,branch_as_is,0.940906354718901,0.7858108024355197,1.113339878290717,0.769250636508413,0.1628168771768873,0.8641260912935236,0.048664791262691826,0.011958337317084441,0.5715298046307586,0.09054220515043943,0.6952685972850803,,,0.924811913697967,0.0426716876695705,0.7277412317535765,0.209096390300619,0.9244017373453175,0.5972202747619919,deepfluoro/subject01/020
deepfluoro,subject01,021,branch_as_is,0.9323842800482712,0.7943730224094009,1.035703762847155,0.7465228858048492,0.17769571513657578,0.8574983447376616,0.051359871119440195,0.009405948998040203,0.5011991694122653,0.06984658228394917,0.7245264401254518,,,0.9229369467577346,0.04231180329994574,0.7234528957589682,0.2105806015413487,0.922607460107526,0.6057543707739448,deepfluoro/subject01/021
deepfluoro,subject01,022,branch_as_is,0.9560012715020817,0.777281451288309,1.4606910686890058,0.8845666465030368,0.06559433279461685,0.8992862688306567,0.04752309570178745,0.02075151204101209,0.782536823971128,0.07255071830004647,0.7047307329882626,,,0.9416123921492127,0.035783290629003935,0.7115435709324045,0.2476621644986073,0.9420309192313326,0.5173496989143593,deepfluoro/subject01/022
deepfluoro,subject01,023,branch_as_is,0.9314442933132395,0.7803902956623645,1.0118111722458247,0.7047111259639848,0.1996740304800482,0.8431210624549669,0.05474374279107631,0.008009118470432777,0.4776717027511116,0.06740001640127112,0.7129902792610934,,,0.9209205869799861,0.04228797137895537,0.7176009575123834,0.2164891783525892,0.9205262126814672,0.6038977843285259,deepfluoro/subject01/023
deepfluoro,subject01,024,branch_as_is,0.9415107863517257,0.7678907445809311,1.0868241306828141,0.6507076553149955,0.23179234906787738,0.8301568921882281,0.054786245649128394,0.012192715572437528,0.542468082314599,0.0944440441362604,0.6734467004446707,,,0.9221518413915524,0.04284689302044505,0.7108044954098509,0.22030900145478668,0.9215034555941009,0.5914735389193065,deepfluoro/subject01/024
deepfluoro,subject01,025,branch_as_is,0.951276177280224,0.7611012994250023,1.3271749209722934,0.7634035532112554,0.16936836353872284,0.8543697209506506,0.04864282009092879,0.018984426156315428,0.6496348419914129,0.13912122263599788,0.6219800767890044,,,0.9269836640974739,0.039070505260872676,0.6969893837365296,0.22340541404603623,0.92638680479156,0.5675725170470024,deepfluoro/subject01/025
deepfluoro,subject01,026,branch_as_is,0.9605908804837613,0.7591471405170053,1.5834342134042738,0.8163151602582084,0.13683751035712147,0.8703803151045009,0.045724832701844985,0.024838577754696698,0.7380633683682223,0.1736737323114378,0.5854734082055675,,,0.9363594511181429,0.03648891099423515,0.6937787359834326,0.2224050790391653,0.9356560666589565,0.5553420821597981,deepfluoro/subject01/026
deepfluoro,subject01,027,branch_as_is,0.9659072333874946,0.767577387771856,1.7274028203728222,0.8480878572257061,0.12897992033147046,0.8992724921250267,0.042785126815982656,0.02552402692535133,0.7985681068215964,0.13251206629880652,0.6350653214730495,,,0.9444991790229501,0.039364453984700336,0.6862673299570935,0.2188097376409926,0.9438208186309908,0.5499280470768961,deepfluoro/subject01/027
deepfluoro,subject01,028,branch_as_is,0.9678502000535978,0.7431991113813989,1.8096654507256877,0.8683604129440922,0.11669672152028024,0.9094941572710409,0.044016358805875254,0.02634915738718182,0.8438237292621296,0.10168186336002359,0.6415172480213753,,,0.9468839762273266,0.04924844123451853,0.6650706491265654,0.22233023360855134,0.9468374150532427,0.5444704810449291,deepfluoro/subject01/028
deepfluoro,subject01,029,branch_as_is,0.9509087524327227,0.7974544181927171,1.351481401569849,0.7819121918502244,0.15291347035895583,0.8627188395442529,0.05376334016348555,0.020766214074721498,0.6026469708785761,0.06429354806447829,0.7331608701282388,,,0.9297089584687767,0.04239912397463695,0.6666996961423565,0.20037284092926794,0.9297588556527089,0.6303190185198005,deepfluoro/subject01/029
deepfluoro,subject01,030,branch_as_is,0.9400936805125527,0.788831397485882,1.0779049786278547,0.6542920069748981,0.23396021419763413,0.8406597338061695,0.05848326924282341,0.011837669851039108,0.5162241292742212,0.05320246479051257,0.7356289326953694,,,0.9241229501135096,0.057949576552695184,0.6938280674299452,0.17156172118876736,0.9222943734033106,0.6714880235339257,deepfluoro/subject01/030
deepfluoro,subject01,031,branch_as_is,0.9389313371242598,0.7883791043047753,1.0976356792659172,0.7684421664336147,0.16270264211625873,0.8631435108692725,0.04999853765193311,0.01224317380465453,0.5732131763885585,0.09173157534580277,0.6966475289589725,,,0.9262362940992388,0.042246572462951895,0.7255992840151676,0.21013607764060505,0.9259787586173926,0.5961452468288939,deepfluoro/subject01/031
deepfluoro,subject01,032,branch_as_is,0.9215295484428553,0.7202982549520606,1.2636398558182378,0.86915300470571,0.0878352396833599,0.8782646409386994,0.058111999579053324,0.01638103056341166,0.7244051031914706,0.06582104040343457,0.654477214548626,,,0.9185275395332805,0.06736922629960902,0.7284572465096725,0.27575215040578427,0.9175264601532991,0.4790453706990219,deepfluoro/subject01/032
deepfluoro,subject01,033,branch_as_is,0.8784605052787333,0.6895869760961014,1.3873375166987394,0.8235778564299223,0.12408462987109027,0.8531103729576488,0.09008427751165851,0.044288132826549954,0.8100983888970196,0.06710096543933633,0.6224860106567651,,,0.9108966102965738,0.11683543690197887,0.7521953771004003,0.29253608367221157,0.8572581901263534,0.4096748184024603,deepfluoro/subject01/033
deepfluoro,subject01,034,branch_as_is,0.9142502697862892,0.7940490574258529,0.9597682153507778,0.6587226789845052,0.23127160459548213,0.8417701053711826,0.06348685198212815,0.01383148340718974,0.521047125782425,0.059482488054471316,0.7345665693713815,,,0.9280556982853739,0.04499983073032392,0.7139017107752249,0.18445882407124878,0.9281829461775503,0.6543913346125025,deepfluoro/subject01/034
deepfluoro,subject01,035,branch_as_is,0.9391966362031999,0.7500052428050942,1.2788978703238985,0.8220671228364564,0.13921241586420413,0.8686463770041136,0.05924106324227658,0.018671412784155985,0.6605091667974857,0.1134518546942496,0.6365533881108446,,,0.9352172118579545,0.042732152569213304,0.6517495727874331,0.22503353399609105,0.9346779434734599,0.5562846431369711,deepfluoro/subject01/035
deepfluoro,subject01,036,branch_as_is,0.8895510977299795,0.7404056578618858,0.941702984975108,0.8066070693228377,0.16718657363778502,0.8661200781544517,0.06877692781770606,0.01731025033948719,0.3656019863320415,0.08122337612828973,0.6591822817335962,,,0.9172669070142734,0.075826256523089,0.6178728187538172,0.1925690110098951,0.9131592651542402,0.6547553151364197,deepfluoro/subject01/036
deepfluoro,subject01,037,branch_as_is,0.9641682629983047,0.6326642844692425,1.449212048706225,0.876166999993432,0.08083643486188644,0.8374194438825496,0.056098319246361696,0.01881978140315407,0.8677237205651299,0.10995451606934409,0.5227097683998985,,,0.9206145507899072,0.07254047246511464,0.6617627456623401,0.27664572643782354,0.8962321875130906,0.4364879137663061,deepfluoro/subject01/037
deepfluoro,subject01,038,branch_as_is,0.9477230709936335,0.6231578294327211,1.28471496719124,0.8684802442410006,0.08047997702268474,0.8604191593261767,0.05720182438820137,0.017978142337334857,0.8198713027033347,0.10847873418363024,0.514679095249091,,,0.9127763874151662,0.06692108841812563,0.6530010550403215,0.2776565415435667,0.8964588287260288,0.4566931123498499,deepfluoro/subject01/038
deepfluoro,subject01,039,branch_as_is,0.9209563742356826,0.6288610469533947,1.106289866077136,0.8526005777768593,0.0751626271274676,0.8582080283715932,0.05945194270790739,0.0178237880243319,0.7367720353044623,0.11622154038791949,0.5126395065654752,,,0.9000014540673666,0.0534873320038805,0.6548727684704259,0.2520274910836006,0.8927184844526938,0.5118616872050136,deepfluoro/subject01/039
deepfluoro,subject01,040,branch_as_is,0.8962756763983666,0.6999150308954682,0.9018203506690549,0.8513454633472863,0.07517606874067684,0.8576376523200439,0.059015734216694225,0.013971475222605181,0.6094222723237923,0.08885406811121133,0.6110609627842569,,,0.8968858115053774,0.051570130689620554,0.6613284510674161,0.22710042356818252,0.8962372542631976,0.572111988060176,deepfluoro/subject01/040
deepfluoro,subject01,041,branch_as_is,0.8907947814089233,0.702429704198805,0.8065724187805565,0.771333158529749,0.132739605166939,0.8153403935566884,0.07014175546097384,0.014620557232402975,0.5539870744661707,0.06932677576217001,0.633102928436635,,,0.8934877152157853,0.056238326781075196,0.6676291052869548,0.1966596576496704,0.8927150331958043,0.6243687798761043,deepfluoro/subject01/041
deepfluoro,subject01,042,branch_as_is,0.8885564223728807,0.6865633453252148,0.8001246129574818,0.6638186707534628,0.2114245854245437,0.7812250507994928,0.07944427718612868,0.0162726165511704,0.6007314248762596,0.07141277145658982,0.6151505738686249,,,0.8953415748004326,0.060298016883737884,0.6669462795149679,0.17955954775707325,0.8944109176442125,0.6479658022921776,deepfluoro/subject01/042
deepfluoro,subject01,043,branch_as_is,0.8800766116170002,0.6640574825996342,0.8020979194701412,0.6677730404258154,0.21421698321592392,0.7826420095599135,0.0842237289611823,0.017069773917409804,0.6181390467744544,0.0924615701615433,0.5715959124380908,,,0.8974391803037545,0.0662622796615456,0.6447821340150982,0.17853690635891362,0.8962240250865499,0.6523075294827326,deepfluoro/subject01/043
deepfluoro,subject01,044,branch_as_is,0.8734063363703379,0.6831400058797467,0.8155880263083853,0.6795202091818698,0.21895604988723386,0.7943746174983348,0.08612945347100266,0.01782172199319415,0.6521826961896663,0.11068128680961849,0.5724587190701281,,,0.898690823501444,0.0767902139105215,0.6068463493138099,0.1863745585066217,0.8970315313218863,0.6534891695525924,deepfluoro/subject01/044
deepfluoro,subject01,045,branch_as_is,0.8625114993963937,0.7155498070776497,0.8257327156567376,0.6778841468624839,0.23732021228498448,0.8042138084335314,0.08874297311525213,0.020635837950538142,0.661065336022556,0.1054994552460348,0.6100503518316149,,,0.897968863162163,0.09095123415008524,0.5632684986727581,0.20501960280507844,0.8972346985674717,0.6601430771427073,deepfluoro/subject01/045
deepfluoro,subject01,046,branch_as_is,0.5379776886630288,0.5120500694954357,0.5660724142958159,0.8621245294650913,0.09991689591742162,0.8615853080520081,0.0956373760220498,0.03832032658201543,0.2643503457140475,0.08562080469113816,0.4264292648042976,,,0.8972814072685205,0.08364439866181525,0.6615913584786941,0.3097531812298445,0.8978676102567406,0.4499013487543581,deepfluoro/subject01/046
deepfluoro,subject01,047,branch_as_is,0.7973498415866339,0.5950642593020972,0.7841869032232573,0.8426043165303202,0.08565088124550736,0.8472972791550769,0.07485377371085597,0.021608753395477125,0.553000277730979,0.07112123946540468,0.5239430198366924,,,0.8895293449095562,0.06391057701217019,0.6726024074782083,0.2750549769613351,0.8884601048389378,0.49993737012129874,deepfluoro/subject01/047
deepfluoro,subject01,048,branch_as_is,0.9126067188691368,0.6338597967142975,1.0660698160352342,0.8499240593986119,0.07399760193238486,0.8565477411787001,0.06046115866442365,0.01734478970040288,0.7137749023807783,0.11231477448994837,0.5215450222243492,,,0.896477644452408,0.05387145127276982,0.66291260794889,0.24981322417722376,0.8897668625071413,0.5177940315756179,deepfluoro/subject01/048
deepfluoro,subject01,049,branch_as_is,0.9396841755614869,0.5990695305853994,1.2190236257598595,0.8523371512519988,0.07903641963819513,0.8447016704667049,0.06025750748153629,0.023428878627807345,0.7951984283518216,0.09565895660207042,0.5034105739833289,,,0.9020858247440948,0.05515277579788168,0.6294190999810045,0.2618960440699173,0.8913194119613309,0.4908240570469223,deepfluoro/subject01/049
deepfluoro,subject01,051,branch_as_is,0.9403348053251815,0.7978272853894238,1.1680037537646795,0.7258238413997896,0.18446212582499993,0.8569499818295695,0.053111067331082035,0.015521245642356081,0.47433905977073537,0.061401307918410516,0.7364259774710133,,,0.9306141620072796,0.036024369760819394,0.7148862156205723,0.18929896673701638,0.9316973274298803,0.6593374808565161,deepfluoro/subject01/051
deepfluoro,subject01,052,branch_as_is,0.9020854979656487,0.7969324040968426,0.9327579006805896,0.690159753561714,0.21611604550881872,0.8477179593319474,0.06532652335942275,0.01359442270723642,0.5512961135459773,0.0670011954718329,0.7299312086250097,,,0.9205638443106692,0.05009857575088797,0.7179806292033558,0.2006854761101994,0.9206317583709429,0.6328965150608852,deepfluoro/subject01/052
deepfluoro,subject01,053,branch_as_is,0.9230424751762958,0.5705172232816347,1.159563718887357,0.8896619789735316,0.07984701721383018,0.8913949960329014,0.0612540170137108,0.016160202153171866,0.6343304172438696,0.10039842566812857,0.4701187976135061,,,0.9254582220886126,0.06017879983300473,0.6890292485942944,0.2649618285258601,0.919282696089128,0.4845052758903067,deepfluoro/subject01/053
deepfluoro,subject01,054,branch_as_is,0.9265191779995455,0.5661341476620806,1.176139594663806,0.8882083602148838,0.08887393960338309,0.8902958480784531,0.062475703348966086,0.01735196326976664,0.6459008474047111,0.09930000254521616,0.46683414511686444,,,0.9270044135316934,0.06460500183717549,0.6841859555709681,0.27853561647656994,0.9215160139084836,0.4620891325232791,deepfluoro/subject01/054
deepfluoro,subject01,055,branch_as_is,0.9576246629126214,0.5494353840315018,1.3944535510792688,0.8733199824949106,0.08061382757354547,0.861558613616432,0.056604986301947186,0.022676518636645052,0.792704992734307,0.05798948122219041,0.49144590280931144,,,0.925569519620712,0.07076442533225462,0.7094970760427634,0.2933412055914438,0.8998816371948646,0.39686600692911,deepfluoro/subject01/055
deepfluoro,subject01,056,branch_as_is,0.9156850289540734,0.790226968231102,1.0127523140479884,0.7800172809748944,0.1553214370388479,0.8618483345473636,0.057636623739485054,0.009738856296452221,0.6211539908537058,0.09061253835695288,0.6996144298741491,,,0.9171990458561972,0.05183317524386499,0.7210262002463613,0.22276531744094585,0.9164775014753365,0.5701430321919863,deepfluoro/subject01/056
deepfluoro,subject01,057,branch_as_is,0.9224999452746206,0.7285585237320689,1.1516497984952696,0.8464087943571985,0.091711757029521,0.8719279121619259,0.056607920235241346,0.01820449579799581,0.6957148675902701,0.07279698113149197,0.655761542600577,,,0.9240635329868495,0.047114762441850616,0.7061007662569808,0.273207727852877,0.9249218352504006,0.49129019521085837,deepfluoro/subject01/057
deepfluoro,subject01,058,branch_as_is,0.9433502317425831,0.7755679653530763,1.1757533650502792,0.779273827498954,0.15151361453103598,0.8559386087176577,0.05532902552251578,0.009018833535381505,0.5417996652904097,0.07603848912584807,0.6995294762272282,,,0.9310745390225968,0.04146884713628798,0.6848492856258696,0.24523241608938856,0.9315547354533241,0.5288754633335837,deepfluoro/subject01/058
deepfluoro,subject01,059,branch_as_is,0.9735587656598291,0.7029578033181167,2.0328420014217423,0.852172477477706,0.05799878787500523,0.8718702396810507,0.05018168344666502,0.0340632093816007,0.8620599037581466,0.144720786888297,0.5582370164298197,,,0.9426931348116208,0.048321169721474995,0.7186951830859494,0.2331631303749237,0.8643307505247538,0.40015336994082945,deepfluoro/subject01/059
deepfluoro,subject01,060,branch_as_is,0.937652811192367,0.7886217160177255,1.1349643350603165,0.7851891851707191,0.144028362593058,0.8570039531273907,0.05452282201329113,0.008396794941759123,0.4778544133229459,0.07442616011204968,0.7141955559056757,,,0.9296066293923874,0.042977631682105,0.6991095304925625,0.22982615719473104,0.9298461973483778,0.5643191159920402,deepfluoro/subject01/060
deepfluoro,subject01,061,branch_as_is,0.9410250782126613,0.7837816702433023,1.1854993326934764,0.7778025464771489,0.151901765973577,0.8617474894639225,0.0518393481377778,0.009627665774548867,0.5686988935510051,0.09230434162298766,0.6914773286203146,,,0.922326019504808,0.0477633172332533,0.7275768781844211,0.2160170310374338,0.9216925002252396,0.5764144579386343,deepfluoro/subject01/061
deepfluoro,subject01,062,branch_as_is,0.9539167435522886,0.7728855920644143,1.2322676495702654,0.7693089081154547,0.17283800701544713,0.8732480062408127,0.04697911127905241,0.009492182292915874,0.5734174586227037,0.05607227892414638,0.716813313140268,,,0.9340370963439625,0.036165415141894156,0.681373818180415,0.22387780290668025,0.9347534298798305,0.5783543756371362,deepfluoro/subject01/062
deepfluoro,subject01,063,branch_as_is,0.9494277765530726,0.7971368970015654,1.1531666161596263,0.6649774772010535,0.23471097391010937,0.8532154028229367,0.04816012271946998,0.008156811890491472,0.4327511844940227,0.0562123647462109,0.7409245322553545,,,0.9241833235500406,0.043789525125314,0.7092774599200553,0.1929456760077647,0.9237445895547303,0.6409077963941806,deepfluoro/subject01/063
deepfluoro,subject01,064,branch_as_is,0.9370829618560396,0.7872424773661215,1.103941757495454,0.691352628655148,0.21841412273762562,0.8558913399408243,0.05282942956843226,0.011396393144169108,0.5109291265625917,0.07658671198925536,0.7106557653768661,,,0.9244148316067985,0.04553271765271444,0.7211148255796765,0.19159380642030657,0.9241764776852827,0.6393876527512179,deepfluoro/subject01/064
deepfluoro,subject01,065,branch_as_is,0.8889241301383154,0.7744597820383464,0.8599657374347394,0.697516018579667,0.21381066579684116,0.8469457955051292,0.06828925554763005,0.01426926598116255,0.5811552575721166,0.07328779894979719,0.7011719830885492,,,0.9226181030045358,0.048785063082895534,0.7196289056687826,0.21690703958849156,0.9228343451784015,0.6126337653672955,deepfluoro/subject01/065
deepfluoro,subject01,066,branch_as_is,0.7899692880583659,0.6660111205935312,0.6309257403801005,0.7267610161632233,0.191615399133949,0.7994013287042612,0.0918570840333849,0.02594053131982108,0.48620520200268175,0.08203416635184217,0.583976954241689,,,0.8931174198052426,0.06952746652232142,0.5766656825436868,0.22352572466274234,0.8949913392844722,0.6076607167148416,deepfluoro/subject01/066
deepfluoro,subject01,067,branch_as_is,0.8646470078297893,0.6948874577761598,0.9303406822671806,0.8537542020740861,0.0813509315550995,0.8602935173447384,0.07174160006312218,0.01964032855783131,0.6471976444569505,0.08235598046848246,0.6125314773076773,,,0.9030199270902597,0.06100934385651985,0.5500309841893206,0.24605113565399514,0.9057152755855233,0.5516002252506383,deepfluoro/subject01/067
deepfluoro,subject01,068,branch_as_is,0.8616823093552191,0.6417345225637472,0.7613666784094792,0.6461071088017234,0.23410408447095152,0.779173263880245,0.08003800043880666,0.017446312694560723,0.523628613637776,0.0607763562163066,0.5809581663474406,,,0.8883867356819637,0.06369426826457353,0.6086997470213795,0.18942732373725937,0.8880546890316724,0.6327273112959576,deepfluoro/subject01/068
deepfluoro,subject01,069,branch_as_is,0.8294561594572397,0.6103484101914538,0.7250483914120266,0.8118394603014009,0.14943409773329044,0.8363061436231505,0.08984147366698841,0.023285279872203732,0.7624530929110738,0.10885503631871474,0.5014933738727391,,,0.9241370734656548,0.06456991949160237,0.6198001467544189,0.17996434875547468,0.9245750139070649,0.7135829563390483,deepfluoro/subject01/069
deepfluoro,subject01,070,branch_as_is,0.964860035969855,0.7104251199786333,1.5364564098167155,0.9167422848489022,0.06885533370796458,0.9118561632107641,0.04337228665715652,0.014555053248692242,0.7753500844966669,0.10205500803456717,0.6083701119440662,,,0.9462635820986914,0.04839183793561865,0.7089515020727902,0.27009844665409005,0.9449417852900862,0.43766111760363763,deepfluoro/subject01/070
deepfluoro,subject01,071,branch_as_is,0.9806709269331052,0.6402176474883485,1.8156609940116035,0.9050774564106224,0.06793685887953721,0.8390962071958812,0.0416145620247846,0.023074027181963195,0.8635225727240201,0.06662063390189046,0.5735970135864581,,,0.9410607772280671,0.061622164877094765,0.75369871678291,0.2804858574814455,0.9274020270680066,0.38358214976250665,deepfluoro/subject01/071
deepfluoro,subject01,072,branch_as_is,0.9798416457780651,0.6526186061678855,1.8172061944502393,0.8770327205662289,0.06643082709800473,0.8442143202099097,0.04302795652119221,0.025553899553664713,0.8632715322018577,0.0780008056647086,0.5746178005031769,,,0.9387204109982189,0.061709956592760976,0.7626557705054839,0.27541252707737407,0.9018296025062859,0.4171511103856179,deepfluoro/subject01/072
deepfluoro,subject01,073,branch_as_is,0.9332925649160289,0.7120043553382516,1.051223573012835,0.7033295974513064,0.1828757868835154,0.8052498686709268,0.057236559077624996,0.00956111532101097,0.5456032076281053,0.0600405318751428,0.6519638234631088,,,0.8735878636974712,0.06706517187271388,0.6831802958659514,0.23366326560681258,0.8812642930359816,0.5896428071692352,deepfluoro/subject01/073
deepfluoro,subject01,074,branch_as_is,0.9670824936522132,0.6698763354226789,1.6250359722374312,0.906417167736163,0.06061214344171785,0.9014434806768266,0.04098621772654175,0.015843657212639,0.7610030666717328,0.08441147818344645,0.5854648572392325,,,0.9387853607057138,0.04608646846290407,0.7177737137619241,0.2517465460802917,0.9276906080655049,0.4884299024499279,deepfluoro/subject01/074
deepfluoro,subject01,075,branch_as_is,0.9608095627958092,0.6181879887191719,1.2944658517774128,0.8564495695561309,0.11420957927646329,0.8745017797547694,0.04009026254183166,0.006329513628687763,0.7156467186633981,0.1447932160487243,0.4733947726704476,,,0.92353404971207,0.05877764022592646,0.670478039175039,0.186479844072253,0.9206583378676351,0.6280488403476314,deepfluoro/subject01/075
deepfluoro,subject01,076,branch_as_is,0.9360010891502023,0.7027895031657686,1.1690634551416894,0.911972327451762,0.06808443107152935,0.9038808352316937,0.0470820748467197,0.009590001395507685,0.6697289331709969,0.09225732480028696,0.6105321783654817,,,0.9379433876096589,0.04501218371357423,0.6767199183720382,0.2533229524658002,0.9391755690933835,0.4995775105711484,deepfluoro/subject01/076
deepfluoro,subject01,077,branch_as_is,0.9778229464806169,0.7323028207260995,1.7538455486544224,0.92454046200141,0.07478747530123975,0.9017264034120994,0.03936942716583017,0.017472533463244844,0.8506455520211471,0.08842899238543997,0.6438738283406595,,,0.946406089902036,0.061373401553669674,0.7328191340098806,0.27718854452998604,0.9456759677993616,0.4154076728317327,deepfluoro/subject01/077
deepfluoro,subject01,078,branch_as_is,0.9435460683405754,0.7103032214734959,1.2183497172397675,0.9107063755653827,0.06564052669181901,0.9053847977735607,0.04333325467989234,0.008946780565855348,0.66676874456166,0.09340909766660692,0.616894123806889,,,0.9345506770197396,0.044641590854381304,0.6824873737674302,0.25266736405224655,0.9359561321588271,0.5048535120380221,deepfluoro/subject01/078
deepfluoro,subject01,079,branch_as_is,0.9854075280592935,0.7057161784001424,1.9128238014258714,0.9135015985553518,0.08639205906509095,0.8038425557697717,0.040305585022714085,0.021883592381815715,0.8835235389334318,0.09108041423794314,0.6146357641621993,,,0.9441383262071069,0.07036856774651279,0.7621262195587343,0.26579860565417546,0.9406508054050006,0.38803976590841915,deepfluoro/subject01/079
deepfluoro,subject01,080,branch_as_is,0.9781119925858218,0.7261595817873775,1.774183295288042,0.9221749229708862,0.07403540952429334,0.8979727273213604,0.039788565713797464,0.018472099864603134,0.8530601525416198,0.08876937640803209,0.6373902053793454,,,0.9459268416387512,0.059888006715348135,0.7381590572134135,0.27353330418405675,0.9440937750563297,0.4179179936945862,deepfluoro/subject01/080
deepfluoro,subject01,081,branch_as_is,0.964180723539869,0.7343455266036417,1.5490738860042381,0.9184979880147301,0.0677622550605332,0.9088798547412839,0.042442056934967436,0.016477151242001744,0.7621930053563533,0.09687668355337982,0.6374688430502619,,,0.9396082521044968,0.050720254711175916,0.7088864520418088,0.26727303777125816,0.9403953899224523,0.4540125355034691,deepfluoro/subject01/081
deepfluoro,subject01,082,branch_as_is,0.9482930904815943,0.7122338757468093,1.2725953154908818,0.9073648329700748,0.06326709269575993,0.9038703367916582,0.041729769205613276,0.009238278499990952,0.6655876068490643,0.09556690450559524,0.6166669712412141,,,0.9305020851149053,0.045202177154148496,0.6887129220591092,0.2511428209119476,0.9319930233613654,0.5075257709315794,deepfluoro/subject01/082
deepfluoro,subject01,083,branch_as_is,0.9398407221612008,0.7015408449054473,1.0928268519377917,0.7173159248735991,0.2067946517117053,0.8363136561882866,0.05190290697776332,0.00718343068451097,0.5990851002996499,0.08647375166658149,0.6150670932388659,,,0.9186905644902624,0.04768765448822861,0.692803308174677,0.20513453506510573,0.9175818093694869,0.5865259146623152,deepfluoro/subject01/083
deepfluoro,subject01,084,branch_as_is,0.9781445728984718,0.6264935681288227,1.7458485904784105,0.8921424683792457,0.07006501234200871,0.8789565198363501,0.04197443530104528,0.01924581237462008,0.8495815539076651,0.05994659789181907,0.5665469702370036,,,0.9432638396486791,0.05742016184826211,0.7289562141572357,0.2806640434624828,0.9401988062492616,0.37924572878454155,deepfluoro/subject01/084
deepfluoro,subject01,085,branch_as_is,0.9809253727318139,0.6140496817850657,1.8127937712118065,0.9052662936279738,0.06770569202040468,0.8300836785849826,0.041446162155915546,0.023054681883306314,0.8643779822551582,0.06375432743834673,0.550295354346719,,,0.9390504564701989,0.06185633021505144,0.7505165528506322,0.2813224086586356,0.9278082599729176,0.37630678148090235,deepfluoro/subject01/085
deepfluoro,subject01,086,branch_as_is,0.9830187072634348,0.666776914052057,1.8648710983890373,0.8872998817677384,0.09586358271193882,0.7317651701476995,0.04624581181782107,0.031042071123901983,0.8833098333858329,0.07133907496050504,0.5954378390915519,,,0.9406308474705274,0.07146941869709032,0.7837132198964571,0.27927096300460946,0.9204821691068156,0.3613555024414328,deepfluoro/subject01/086
deepfluoro,subject01,087,branch_as_is,0.98002586864138,0.6506894570053633,1.8227868269477185,0.8975969797217677,0.06817522257060711,0.8411222589022782,0.042620883934226014,0.02476586782860638,0.8632300614638442,0.07507368681681306,0.5756157701885503,,,0.9404671255667935,0.06174260586683905,0.7597615362609998,0.2778005546011939,0.9212360589103599,0.3953032367865886,deepfluoro/subject01/087
deepfluoro,subject01,088,branch_as_is,0.9739381531057166,0.6512059834751668,1.721826004541907,0.8981093722003656,0.06458067967146601,0.8861894361451845,0.0417029287425498,0.020337279391462203,0.8164313262103635,0.04410858024186963,0.6070974032332972,,,0.9400554998116916,0.05064205477801591,0.7281494488819275,0.2692919372690115,0.9208418925034907,0.4323418477006399,deepfluoro/subject01/088
deepfluoro,subject01,089,branch_as_is,0.9664166955112744,0.6635451968684403,1.5987419672091148,0.9103119229348478,0.06071334566314483,0.9036016736583142,0.04054025630475768,0.014474919787543524,0.7517658645886188,0.08874532524071185,0.5747998716277284,,,0.9394672990522699,0.04542667256854141,0.7109300334398305,0.25158605257888367,0.9307443846314151,0.49156127067801436,deepfluoro/subject01/089
deepfluoro,subject01,090,branch_as_is,0.9623787589797007,0.6302816787250178,1.437945337026798,0.8964642413819695,0.07251178881902089,0.8950384586533209,0.03920991124069017,0.008487193271300236,0.7364984438182989,0.1178638441983598,0.512417834526658,,,0.928204592465482,0.04984141761858202,0.6907606147912868,0.21556612112739587,0.9248131315980269,0.5532152910303603,deepfluoro/subject01/090
deepfluoro,subject01,091,branch_as_is,0.9611863448122412,0.6449846527462475,1.2998997158915828,0.8593959331332925,0.1123789022166306,0.8774488618567639,0.03993089710774115,0.006242274670982114,0.7165945998116287,0.14445113873452833,0.5005335140117192,,,0.9252470642186563,0.05798479648916885,0.671995312955288,0.18735290762017892,0.9224292381584835,0.6298086295851427,deepfluoro/subject01/091
deepfluoro,subject01,092,branch_as_is,0.9795134794716863,0.6390187775588783,1.7840661353618326,0.8652783268062141,0.06813501121259519,0.8590629167706839,0.0435820041925786,0.023307659397043712,0.8643871102795824,0.05992862611387193,0.5790901514450063,,,0.9475024215596288,0.058293145880256206,0.7524790052378677,0.2789291836711174,0.9352752096743303,0.3634004530082111,deepfluoro/subject01/092
deepfluoro,subject01,093,branch_as_is,0.8992350533050248,0.5368492044551203,1.4559933970608179,0.8399826471091187,0.14112477698921969,0.8462322379076737,0.09620599481410466,0.031273072562277744,0.7620049726506818,0.040606472187953345,0.496242732267167,,,0.8985381472001925,0.12555399447168017,0.7330765326461195,0.33695339412230957,0.8788460950238305,0.28389800141168914,deepfluoro/subject01/093
deepfluoro,subject01,094,branch_as_is,0.9731211706392361,0.6137389202690878,1.7415101239860942,0.8790105369186986,0.1000421776656122,0.8545134670310206,0.05056916988941502,0.030532588391379126,0.8669938908086126,0.07015353746494224,0.5435853828041456,,,0.9277479885749759,0.07778803869435044,0.7520477620240309,0.30050736863745203,0.9195071042153236,0.3583803615269136,deepfluoro/subject01/094
deepfluoro,subject01,095,branch_as_is,0.9800031636667117,0.6438481916483615,1.8131405122464337,0.8965321792371327,0.07013998239351003,0.8409167572170129,0.0425541716397883,0.024928759722949927,0.8625781121656266,0.06348477715242457,0.5803634144959369,,,0.937644730197774,0.06451261735373598,0.757723241124303,0.28191611547418116,0.9202730053921009,0.39198955784496353,deepfluoro/subject01/095
deepfluoro,subject01,096,branch_as_is,0.9855604466983562,0.5999550528946745,1.8571987473644593,0.8953701421304193,0.06806624050959229,0.7870088479111117,0.038738611529383175,0.019254605023799356,0.8704494445593454,0.08714838007601444,0.5128066728186601,,,0.9384905938997476,0.06386568230280928,0.7468454201939894,0.28508253541178685,0.9181113540405857,0.38850323897288025,deepfluoro/subject01/096
deepfluoro,subject01,097,branch_as_is,0.9804603343162365,0.6266625979031201,1.8080091105986353,0.9036464071356468,0.06865847009370893,0.8364560752346966,0.041977197816680634,0.023554352189731852,0.8640848557880809,0.06007835793940744,0.5665842399637127,,,0.9404527994037736,0.06261529651890109,0.7522104095701511,0.2820811949904341,0.9303200167002611,0.37327565733605705,deepfluoro/subject01/097
deepfluoro,subject01,098,branch_as_is,0.9555275113618885,0.5586907578695478,1.4198717401263896,0.8308265277828188,0.09263839555015077,0.8178428951798589,0.06282129925033676,0.021542106043360258,0.8220608112282166,0.06987913837543647,0.48881161949411134,,,0.9078444185626633,0.08475400574467949,0.7074547217521756,0.2918283377253085,0.858583112645587,0.4091988990531997,deepfluoro/subject01/098
deepfluoro,subject01,099,branch_as_is,0.9569594051712077,0.48908058092870876,1.45914142228361,0.79889009377263,0.10385471433277446,0.7440574076665776,0.07020891337369221,0.0337502042837025,0.8417579444294405,0.05647199019385646,0.4326085907348523,,,0.9053877051325726,0.09023239325592153,0.7366440146187424,0.2895089113523705,0.8335196499738566,0.3813908554296081,deepfluoro/subject01/099
deepfluoro,subject01,100,branch_as_is,0.9587398791437972,0.5061342118686069,1.4616322332295488,0.7887893570607316,0.10281241882662373,0.744770236794376,0.06910922113073709,0.033291454912814475,0.8418913170878749,0.058678553604197325,0.44745565826440953,,,0.9048727512917264,0.08931796176167145,0.7408447559014057,0.2882709426305402,0.8233434331907925,0.4082530664990821,deepfluoro/subject01/100
deepfluoro,subject01,101,branch_as_is,0.952401024610129,0.543611660191952,1.4243343945177855,0.8132703722242343,0.08730511035696886,0.8151437104424759,0.06342432318344862,0.02495650246170967,0.8105538541330516,0.04822482788313808,0.49538683230881386,,,0.9097355030153046,0.07658071098917248,0.7201425625213306,0.27368339414316345,0.839578888053415,0.4556009591972656,deepfluoro/subject01/101
deepfluoro,subject01,102,branch_as_is,0.9379968675323578,0.547568093574881,1.3513289778868431,0.8465032618331758,0.08018955821428832,0.848318244552878,0.06157059324232312,0.022541407522888513,0.7640813927407906,0.046784774895185934,0.500783318679695,,,0.9118401843931029,0.06634512473135638,0.7085044650185216,0.2439381786835469,0.8725568314073964,0.4907737472091074,deepfluoro/subject01/102
deepfluoro,subject01,103,branch_as_is,0.9278660147969432,0.5225136428911846,1.2506517255973246,0.8616982231863983,0.08568594760441993,0.8595937998393173,0.05991964369650486,0.01678700223666804,0.7293632310797098,0.1028004637865659,0.4197131791046187,,,0.9075006151308063,0.07069957580237159,0.684300294024482,0.21718956710880827,0.8883896000526947,0.5370728253993509,deepfluoro/subject01/103
deepfluoro,subject01,104,branch_as_is,0.9239872708520486,0.5636656400948438,1.1364929838682691,0.867201527498237,0.08759231909736023,0.8551731748631727,0.057211333307850845,0.012944438217446426,0.7299645005214751,0.09415278534592088,0.4695128547489229,,,0.9050802107492197,0.0730092208781733,0.6481644576112764,0.19423491164953205,0.8964196026785431,0.5994443223997039,deepfluoro/subject01/104
deepfluoro,subject01,105,branch_as_is,0.9442286928877505,0.5873123618748403,1.276164956830745,0.8732737913541987,0.08327941450855396,0.8765490486306404,0.05557439642815935,0.010542432470100265,0.7432545042612727,0.07721168682110555,0.5101006750537347,,,0.9218199773189371,0.06651436067699337,0.6756154984200188,0.2887036847595919,0.9108528394260104,0.41983764740612806,deepfluoro/subject01/105
deepfluoro,subject01,106,branch_as_is,0.9060391494419728,0.6168379207556604,1.062363487682925,0.8713904560053238,0.07320827686299079,0.869319798065081,0.0573712603666899,0.009807669762144783,0.5758453080575311,0.07362707657861467,0.5432108441770457,,,0.9056876533054627,0.05321455902023973,0.6611692338125231,0.25630808784020154,0.9038303594835947,0.4985503857061128,deepfluoro/subject01/106
deepfluoro,subject01,107,branch_as_is,0.8663494724345694,0.6231497303391473,0.86134158407773,0.8340296037378983,0.08940867199926268,0.8407119848314346,0.06759209262682785,0.01218896548093063,0.5154144672956125,0.056335688290283466,0.5668140420488639,,,0.8946205068011683,0.05556074124424204,0.6558409025972519,0.22801626187535812,0.8935714966670398,0.5468253308532429,deepfluoro/subject01/107
deepfluoro,subject01,108,branch_as_is,0.9408136966070672,0.6026839194689996,1.2918050357905089,0.8755520318641129,0.10634141904537682,0.8820863118377332,0.06265115525795298,0.014195180190524874,0.741435973188071,0.06287676120804372,0.5398071582609558,,,0.9187536255633637,0.07535980562373744,0.6825297991115675,0.2904837792548853,0.9125732167073352,0.43133338937844123,deepfluoro/subject01/108
deepfluoro,subject01,109,branch_as_is,0.9137142641303518,0.6071260859227227,1.1237276201457078,0.8786811519682448,0.08790732212387234,0.8837661661878203,0.0586774068086294,0.009568403451481144,0.5860253447852485,0.0560974983311899,0.5510285875915327,,,0.9103811697755687,0.06850430609941671,0.6539569865540574,0.284615104068203,0.9106615194539036,0.4682097237875373,deepfluoro/subject01/109
deepfluoro,subject01,110,branch_as_is,0.8692237225925368,0.619552178618228,0.8757075269787433,0.8353290333592819,0.08787866982283978,0.8413929107208158,0.06713543852382291,0.012057429294284059,0.516373185079804,0.05974877602015769,0.5598034025980703,,,0.8952540409984588,0.054857031923695135,0.6559580447074982,0.23016700920353741,0.8942691258060338,0.5430877926415559,deepfluoro/subject01/110
deepfluoro,subject02,000,branch_as_is,0.8122755256944804,0.21989044315022044,1.405869990056816,0.7340259142011479,0.1151169125098865,0.8231916887878072,0.0995793653751802,0.08128293595891922,0.7853746036557134,0.039011871400249205,0.18087857174997124,,,0.912153849851881,0.1369525489581314,0.6695254516989856,0.25659368028465396,0.8073793781078792,0.7576869082640495,deepfluoro/subject02/000
deepfluoro,subject02,001,branch_as_is,0.8123902551302762,0.20476658666504902,1.4024032870318577,0.7360445855725565,0.11537361326625481,0.8271071044049699,0.09775163381895625,0.07958473956305978,0.7869484732327399,0.038190208800528924,0.1665763778645201,,,0.9113163375058457,0.13762071463684264,0.668590115183483,0.2566102941171211,0.8060413827762234,0.7564377550223594,deepfluoro/subject02/001
deepfluoro,subject02,002,branch_as_is,0.8240684864276768,0.15279570920964258,1.2994630874476614,0.7247486939042181,0.11899722342700485,0.7722027454171958,0.10143304266195981,0.0806575709006491,0.8048031618185402,0.01063846736225388,0.1421572418473887,,,0.9097416138865454,0.11587993821987869,0.6442607816376829,0.2560880513613556,0.832136946182044,0.7796428194553432,deepfluoro/subject02/002
deepfluoro,subject02,003,branch_as_is,0.9076649204689466,0.6983906201847305,0.9138125475366692,0.6347180692672335,0.2422236449547372,0.8324097104122207,0.06758403752448527,0.013655689211941895,0.6300814874581521,0.035521821471215666,0.6628687987135149,,,0.9330926902928366,0.040505190534411845,0.6142577253079737,0.2708387150907038,0.9340236265327231,0.863662069133418,deepfluoro/subject02/003
deepfluoro,subject02,004,branch_as_is,0.7834804297589395,0.24772536438374065,1.2138972575336102,0.7214170621286168,0.16021655477584426,0.7595162627656841,0.11164469841769056,0.08381737664533603,0.7252142281661402,-0.0023731707645445617,0.25009853514828523,,,0.9170559074607484,0.07750773117993404,0.6174411462181656,0.2593550712252388,0.9059277009917963,0.8418948260515964,deepfluoro/subject02/004
deepfluoro,subject02,005,branch_as_is,0.9134143380934946,0.6919506317506051,0.9304664427138438,0.626932272662267,0.24263086294045086,0.8291655834600422,0.0665635172216156,0.012681245396115504,0.6297858229672599,0.0406317527761606,0.6513188789744445,,,0.9305588445803509,0.0402408378510615,0.6134467544906319,0.2731374267742714,0.9313395235228585,0.8599064609911574,deepfluoro/subject02/005
deepfluoro,subject02,006,branch_as_is,0.9131439283810765,0.6697967951596605,0.93499966106186,0.6293058475259266,0.24707505956271142,0.8358127537010456,0.06491384521998429,0.012440994626315644,0.6291913338661194,0.03852409756724365,0.6312726975924169,,,0.9310883457345417,0.040450622892317815,0.6123836828138758,0.27391984843711814,0.9318516328165033,0.8599827997649703,deepfluoro/subject02/006
deepfluoro,subject02,007,branch_as_is,0.9102407900735053,0.5952420891089155,0.9260623460606161,0.6270758287252609,0.25046689292637475,0.836908592761294,0.06542374381680345,0.013690076179813333,0.6321786787034608,0.03432771502076555,0.5609143740881499,,,0.9322813953122338,0.040450442758377655,0.6198709219131672,0.2697571088269324,0.9332336164763037,0.8630919988362626,deepfluoro/subject02/007
deepfluoro,subject02,008,branch_as_is,0.9004878091821009,0.49535255458912475,0.9917910116195481,0.6265281761506447,0.24179054808483083,0.8260084457324924,0.07221972362343893,0.019169284492731784,0.6267445856459907,0.02627790763509651,0.46907464695402823,,,0.9280376950327871,0.04213910912457277,0.6056210296928848,0.2729908011256913,0.9288575828648704,0.8575682379224675,deepfluoro/subject02/008
deepfluoro,subject02,009,branch_as_is,0.7942203860593334,0.16947907631451,1.2858871904848104,0.726016383568147,0.1325575764092183,0.70369575245325,0.10981358963760046,0.08857360217735578,0.7576352481499606,0.009271877152124021,0.160207199162386,,,0.9127904665139904,0.09540704103914162,0.6620463509521055,0.2539559007354586,0.8679950763792725,0.809452687247559,deepfluoro/subject02/009
deepfluoro,subject02,010,branch_as_is,0.8422552058181632,0.36496431396168577,1.3893367309983686,0.7219032365221035,0.11440443019855677,0.8237319928631149,0.0933157823519295,0.07340998315540877,0.7944220238955679,0.01774949115074463,0.3472148228109411,,,0.9086154303919095,0.13927623604814776,0.6614997030252795,0.2529584919889022,0.7929427095023135,0.7398663075211889,deepfluoro/subject02/010
deepfluoro,subject02,011,branch_as_is,0.9348407003612299,0.6814865362839511,1.66608721023404,0.82785300155606,0.10049681781130623,0.9177185129848627,0.06558817154276365,0.047428423640788656,0.8470229831162849,0.03909830597268104,0.64238823031127,,,0.9393995080150248,0.11398487051847311,0.7848305235351971,0.1863447563275657,0.8428859449033402,0.8213099876584712,deepfluoro/subject02/011
deepfluoro,subject02,012,branch_as_is,0.913382633038927,0.6740237160800624,1.5744064282544739,0.8695832222305542,0.0806615116003377,0.838320931699098,0.07451907968389508,0.048307809692193164,0.8113871896060111,0.056935167749485996,0.6170885483305764,,,0.9391441893030191,0.08597781802273777,0.7535759042794238,0.19631874575585084,0.9163788802827083,0.8841239644278721,deepfluoro/subject02/012
deepfluoro,subject02,013,branch_as_is,0.914615174263021,0.6862043375258967,1.622583313305086,0.8722638583652124,0.07717536774741053,0.8392908901507932,0.0741590631588924,0.05022870619414315,0.8098584915753319,0.03271294902820818,0.6534913884976885,,,0.9400104238354103,0.09047707963928123,0.757934842157119,0.19548556207788875,0.9063822778784683,0.875910930498476,deepfluoro/subject02/013
deepfluoro,subject02,014,branch_as_is,0.9213926222857416,0.6720457575385601,1.63489797150267,0.8661774246848885,0.07197229065353282,0.8725247957139577,0.07088103319338072,0.048707764032469146,0.8184633248634696,0.02798610166386309,0.644059655874697,,,0.9385958256098749,0.0977647437544644,0.7662027673644497,0.19176449520301378,0.8870742608130615,0.860230494049747,deepfluoro/subject02/014
deepfluoro,subject02,015,branch_as_is,0.9254706904475526,0.6643954126897931,1.6538821172022842,0.8439306453332859,0.07909556924259586,0.89408435428925,0.0694554753269315,0.04873246190040943,0.8251785817204125,0.019857762258720494,0.6445376504310726,,,0.9371749565420082,0.10661047400119725,0.7733232393714982,0.19027807989682213,0.862098479689323,0.8367068782251843,deepfluoro/subject02/015
deepfluoro,subject02,016,branch_as_is,0.9309143639466664,0.6396934268901479,1.6497651819301724,0.8387296689940261,0.07837427994226874,0.8963057194289608,0.06656553841415071,0.04626407478191753,0.8354414629454774,0.030836524715206946,0.6088569021749409,,,0.933539871224149,0.10743244240617746,0.769611384468431,0.18940909157232722,0.8535885768999154,0.8290791770645981,deepfluoro/subject02/016
deepfluoro,subject02,017,branch_as_is,0.9344142863782152,0.6706516962140391,1.6736696936920343,0.8167012667709874,0.10332999978603956,0.9186356443907009,0.0637964823049753,0.04558613040404574,0.8443894419938036,0.026888709038442534,0.6437629871755965,,,0.9371703450997589,0.11620770067445295,0.784568536261165,0.1879481016756535,0.8316181217941097,0.8096880762052922,deepfluoro/subject02/017
deepfluoro,subject02,018,branch_as_is,0.9345794940336344,0.6604954938365067,1.6863729904610583,0.8133965326129581,0.10773032318000954,0.919924241459424,0.06321709197015493,0.04544208711718884,0.844597924633889,0.023520921924273915,0.6369745719122328,,,0.9365904206710055,0.11690175106663521,0.784438916523898,0.18833303162685155,0.8290508883400989,0.8068784921960697,deepfluoro/subject02/018
deepfluoro,subject02,019,branch_as_is,0.7967356810018109,0.17451354470118077,1.2827777514901793,0.7290125691796425,0.13190405410469838,0.7079343064552016,0.10773782954920522,0.08677689883077681,0.7609297843855429,0.00881673293112921,0.16569681177005158,,,0.9127518705541552,0.09590555174700614,0.6625717486445305,0.253488056025121,0.8667673641368516,0.8084344700388326,deepfluoro/subject02/019
deepfluoro,subject02,020,branch_as_is,0.9358826411273014,0.6558193960091291,1.6874228074959094,0.8107102279275481,0.10958115051616785,0.9223559128149944,0.06234692357081812,0.044672003247287796,0.8483566575444378,0.025148847622557653,0.6306705483865714,,,0.9367795528768803,0.11759883864064273,0.785238958161043,0.18809590552762756,0.8253661757369991,0.8033481789383914,deepfluoro/subject02/020
deepfluoro,subject02,021,branch_as_is,0.9340549189688973,0.6447643851133535,1.6829777665245633,0.809964832194348,0.10621820619899812,0.9183939282226746,0.06368126683518813,0.04576647085087866,0.8448314454100077,0.022584977577552096,0.6221794075358015,,,0.9356156788547754,0.11808190935811817,0.7833630430985266,0.18891346696676783,0.8252329265411558,0.8025172117804352,deepfluoro/subject02/021
deepfluoro,subject02,022,branch_as_is,0.9347233819466384,0.6422777250429588,1.6811329342799177,0.8062855877687646,0.11112798880739477,0.9210655801432404,0.06301093314066335,0.04531855032041417,0.8474248696651967,0.02636665397033357,0.6159110710726252,,,0.935372811379624,0.11916534043240691,0.7847406242317442,0.1885162863499505,0.8213259042169745,0.7991037723186774,deepfluoro/subject02/022
deepfluoro,subject02,023,branch_as_is,0.9359588207667234,0.6359715874925667,1.682556124256093,0.8040186463045338,0.1124741945108896,0.9215353337321228,0.06266225149528434,0.045009894538272095,0.8500629462553644,0.02450859922916368,0.611462988263403,,,0.9349080430429645,0.11986423854186429,0.7862037146100114,0.18745362850084446,0.8187947000863166,0.7974217129252321,deepfluoro/subject02/023
deepfluoro,subject02,024,branch_as_is,0.9216823280878731,0.6788926119289541,1.219958634399914,0.8134575999681735,0.1239318871095976,0.8659637221820651,0.05993144073388869,0.022617733774536387,0.7179213058739783,0.10477683618763481,0.5741157757413193,,,0.9421255282929004,0.044701855817531756,0.7087538564098396,0.23368106171368566,0.943010119751916,0.8770859114616124,deepfluoro/subject02/024
deepfluoro,subject02,025,branch_as_is,0.9366006618580746,0.7038610713167222,1.3886096657480893,0.7985117380134438,0.14019191274781423,0.8687301171604358,0.054853714330369806,0.020918789000984095,0.7454280616084705,0.12425926820510716,0.579601803111615,,,0.9408699711588154,0.041353766589863124,0.6957761879375334,0.24126587706315766,0.9414393736761676,0.8723913640471926,deepfluoro/subject02/025
deepfluoro,subject02,026,branch_as_is,0.9382423794476316,0.7047088500992829,1.3872960027994305,0.792225990981857,0.14483106838009258,0.8705499870049025,0.0550533832223586,0.020783045428006346,0.7451243192824782,0.14137554813014563,0.5633333019691372,,,0.9419145890111732,0.04097611045086801,0.6916168931050496,0.24325264928769366,0.9424467347318174,0.8718137093133502,deepfluoro/subject02/026
deepfluoro,subject02,027,branch_as_is,0.9217037682484185,0.6783452025314434,1.1944058482556927,0.8039414882008281,0.13337912948618416,0.8653937185243766,0.05808752832198119,0.02017115350764377,0.7026231053087655,0.1083090888332787,0.5700361136981646,,,0.9363933283246237,0.04383482468055748,0.7026221432992976,0.2379938812194038,0.9371730048627831,0.8695732198093616,deepfluoro/subject02/027
deepfluoro,subject02,028,branch_as_is,0.9133203495616435,0.6786546663400513,1.1802141753245026,0.816857840969768,0.12298414785298091,0.8631438926375806,0.06010636048629493,0.0248113192487507,0.69909592298086,0.09975904495182372,0.5788956213882276,,,0.9368320714067552,0.047649500360646906,0.7197203343666263,0.22877593160939388,0.9378837261077664,0.8744488566574367,deepfluoro/subject02/028
deepfluoro,subject02,029,branch_as_is,0.8018190651876447,0.192479330730393,1.2779663423976002,0.7396798293131156,0.12458942318397087,0.7185927230209228,0.1068459997566269,0.08659054651219869,0.7640899822507329,0.012776512276487057,0.17970281845390595,,,0.9137870682230906,0.09328950348104886,0.6649798432507255,0.2500835187548317,0.8718863064088241,0.8148350534506269,deepfluoro/subject02/029
deepfluoro,subject02,030,branch_as_is,0.9022712457452822,0.6770136887929984,1.127044071215853,0.8278534333186164,0.1139017003666506,0.8626687575416035,0.06137068789639879,0.03000051409469363,0.6864185875063035,0.10979061373931168,0.5672230750536867,,,0.9355243584788193,0.05071037690358175,0.7381258204986271,0.22079087798120026,0.9361903204265214,0.8757877212909426,deepfluoro/subject02/030
deepfluoro,subject02,031,branch_as_is,0.8985532124440917,0.6549720423824253,1.1362300097485982,0.8305802927468872,0.11194482793235506,0.8594797188289309,0.061443271925892204,0.03300674801067704,0.6897042114544105,0.09050600572801332,0.5644660366544121,,,0.9341767214474005,0.05233191041415253,0.7425646413437544,0.217502423018022,0.9343352102175437,0.8740307818614473,deepfluoro/subject02/031
deepfluoro,subject02,032,branch_as_is,0.8095131235611593,0.16044725588440667,1.3121515907889034,0.7264801733426698,0.12365645086957133,0.7101588559431643,0.10727898545811036,0.08718057371725522,0.7781947407318178,0.01268541328723594,0.14776184259717073,,,0.9128157564732444,0.10149660286145283,0.6675393473798578,0.2523854189006739,0.8545859577708865,0.7982888552354648,deepfluoro/subject02/032
deepfluoro,subject02,033,branch_as_is,0.8110385279310242,0.15632277466133973,1.306977395990707,0.7319697832190489,0.1298133405189142,0.7217996143058035,0.10158525584203941,0.08270285459578658,0.7815682633428698,0.013151510250481252,0.14317126441085848,,,0.9124517401153298,0.10124196417631862,0.6677932621809405,0.25222040363284415,0.8546309320209313,0.7983802166465556,deepfluoro/subject02/033
deepfluoro,subject02,034,branch_as_is,0.8092451900720548,0.23660722351936764,1.4132904195096976,0.7306934461021698,0.11436304587611064,0.8107083638015826,0.1032240999451205,0.08423283808508841,0.7766119897805623,0.03774961873963985,0.1988576047797278,,,0.9092584501104723,0.13290329068324516,0.6662600198860772,0.25594492687015136,0.8113873693011411,0.7602949222247432,deepfluoro/subject02/034
deepfluoro,subject02,035,branch_as_is,0.7993336936227079,0.1969583513370097,1.403465794301441,0.7286826419861244,0.11752721767451296,0.8031087426707674,0.1079334621458082,0.08781545111730288,0.7745381137056907,0.042259572639442376,0.15469877869756732,,,0.9132589661663191,0.13061646383407652,0.6611501990969101,0.2609396386594844,0.8175011495492369,0.7640489699572267,deepfluoro/subject02/035
deepfluoro,subject02,036,branch_as_is,0.8861272066377011,0.6577283531718406,0.8394786528734797,0.7346212312871764,0.16244697209538328,0.808484066997527,0.07157369538827149,0.015091916859257929,0.5089232547969293,0.07049875433434748,0.5872295988374931,,,0.9111706260061315,0.04846147741494831,0.6505448473524466,0.26107130129771605,0.9107762251215396,0.8304283550793164,deepfluoro/subject02/036
deepfluoro,subject02,037,branch_as_is,0.8566159214176935,0.6077619792281782,0.9765915126328677,0.8076769309701153,0.10902066115122636,0.8206582948978665,0.08164493981825957,0.03692622104560848,0.6196483461353937,0.06924393401806393,0.5385180452101143,,,0.91605194248852,0.06089978737787881,0.6851067784015411,0.23257646470489537,0.9133630049916912,0.8442238265457631,deepfluoro/subject02/037
deepfluoro,subject02,038,branch_as_is,0.9036269432014066,0.6616258881068656,1.1586011971799643,0.8276186649392001,0.12255316643255204,0.8949127257811725,0.07136883670974879,0.03755210205885478,0.7700362963155473,0.02038094508155733,0.6412449430253083,,,0.9246295381628091,0.10887049781358141,0.7291089389773743,0.20676609764143689,0.8576828330116162,0.8319807402000101,deepfluoro/subject02/038
deepfluoro,subject02,039,branch_as_is,0.8860689826571373,0.6985491560001357,0.8393797787951917,0.7352493107050243,0.18590185078347382,0.8195652922103591,0.0687511388606513,0.017347113743728333,0.5965413777083601,0.10282458147181674,0.595724574528319,,,0.9086594770080451,0.0560822196693995,0.6280409566179991,0.2816245157993233,0.9072762331907599,0.8168258230802803,deepfluoro/subject02/039
deepfluoro,subject02,040,branch_as_is,0.8577421617891611,0.612688185497897,0.9760852081829707,0.7920207378286346,0.11979926122535962,0.8107540268685546,0.08185289877426258,0.036521110029513096,0.6112674025065249,0.07081441450057366,0.5418737709973234,,,0.9143320551703101,0.05813064502168519,0.6801331207973477,0.2373206938719466,0.9122411761290076,0.8400401676861119,deepfluoro/subject02/040
deepfluoro,subject02,041,branch_as_is,0.8717898388682612,0.6291076942110316,1.0621793378786495,0.8547217967840643,0.07996283169147651,0.854588120504692,0.07979088985896232,0.04064701184379277,0.6911325237963574,0.031326896685005545,0.5977807975260261,,,0.9216690777514916,0.08179020892309208,0.709283301741169,0.2180146584785779,0.9022185644755558,0.855132403425443,deepfluoro/subject02/041
deepfluoro,subject02,042,branch_as_is,0.8997414376790822,0.6668780455781329,1.158500958543432,0.8357356391969165,0.10524952217213669,0.8855018566759979,0.07436166650693107,0.039348158048641835,0.7614719103703806,0.018632431020751548,0.6482456145573814,,,0.9246306885076017,0.10513519046656261,0.7267555314991814,0.20890206987526497,0.8629914084476876,0.8354022641266521,deepfluoro/subject02/042
deepfluoro,subject02,043,branch_as_is,0.9282600971490772,0.6760653041847855,1.310326033894524,0.7820460044386961,0.12848383487230852,0.900908371077152,0.06907262739314853,0.03826322296994002,0.8245328322000932,0.019996469330095284,0.6560688348546903,,,0.926089559654482,0.12377856935087223,0.737119571336335,0.20242397288866082,0.8038009140642676,0.7883727704083326,deepfluoro/subject02/043
deepfluoro,subject02,044,branch_as_is,0.9438556430599998,0.7290544665410493,1.4222749132198644,0.7369473775068928,0.13351724154185388,0.8955212222386366,0.06892614851843851,0.03889486437170047,0.8759232496488,0.050994001479111845,0.6780604650619375,,,0.9306979137023537,0.1330441495116394,0.7464740740411266,0.19833019753637998,0.7528979445732106,0.7409092170859214,deepfluoro/subject02/044
deepfluoro,subject02,045,branch_as_is,0.9505238128344957,0.7347737171730075,1.4785152164874686,0.7206823379003163,0.12267520905083143,0.8509676562651515,0.0726421898076267,0.04212583037095169,0.9094640848614624,0.09886676752695127,0.6359069496460563,,,0.9330753925448108,0.12789166104155816,0.7531347631533681,0.1917473879018603,0.7282550505680896,0.7177678351432158,deepfluoro/subject02/045
deepfluoro,subject02,046,branch_as_is,0.7215199280161517,0.5869666312535257,0.7744810099663806,0.7602322960157147,0.14442787399917328,0.7899452399096984,0.10968004608235964,0.04978982273078616,0.4977900958421951,0.008990235357696419,0.5779763958958293,,,0.90935812828386,0.07617865170297691,0.6736260160609496,0.24997709510524677,0.9058025807829436,0.8313641707411371,deepfluoro/subject02/046
deepfluoro,subject02,047,branch_as_is,0.8736227392976629,0.6408330660179115,1.1135555208468761,0.7824183405402927,0.13348366994989191,0.8984892243863734,0.08549994020562925,0.03793250495099944,0.7908078701435963,-0.023426441170554133,0.6642595071884656,,,0.9220145152003322,0.13218092171670495,0.7140549162114057,0.22481613745553206,0.8009785724087635,0.7746068971988647,deepfluoro/subject02/047
deepfluoro,subject02,048,branch_as_is,0.8105242807525322,0.6134889409918028,0.969933985552135,0.829363014525413,0.10694826245413216,0.8507702252508724,0.09996160189072682,0.04643779742484721,0.6907101476089642,-0.032528030764040754,0.6460169717558436,,,0.9177402879996855,0.11922955020979138,0.7044140523796315,0.23075078059983886,0.8585371474090087,0.8210626514496444,deepfluoro/subject02/048
deepfluoro,subject02,049,branch_as_is,0.856545032900157,0.6060700077241269,0.9602406328169445,0.8030349845530822,0.11425081870850641,0.8197036468091894,0.08150403693559415,0.03519001591048395,0.6084219238892749,0.0708682227669894,0.5352017849571375,,,0.9181620612090564,0.0592351704095657,0.6839755993782578,0.23441719086292176,0.9159224311257633,0.8443167552203735,deepfluoro/subject02/049
deepfluoro,subject02,050,branch_as_is,0.7450562024727327,0.6065492884215399,0.8929848062574118,0.8205970314286112,0.10941382014722979,0.8215746714131531,0.10775045270954337,0.05077646027099418,0.5815865333430046,-0.023025988991988884,0.6295752774135288,,,0.9110066776284016,0.1005120214063023,0.6946239260400858,0.23187179710974223,0.8921989625844404,0.841106001049334,deepfluoro/subject02/050
deepfluoro,subject02,051,branch_as_is,0.7207852734689035,0.5918832561933496,0.7726757254837937,0.7363278700326078,0.15035898973685205,0.7687096286133843,0.11678858439118889,0.052521401474278424,0.48917503264196927,0.015586719846705602,0.576296536346644,,,0.9071277360853626,0.07404334884435121,0.6683006851422444,0.25463614214811003,0.9043219538475039,0.8269083812132714,deepfluoro/subject02/051
deepfluoro,subject02,052,branch_as_is,0.7985085848323489,0.6603624768514423,0.6988129145023816,0.7533161694729996,0.15361785863308766,0.8062725036405505,0.09085422618440829,0.02716285744425568,0.4377849886331584,0.02840222954492061,0.6319602473065218,,,0.9064487546588359,0.06385455117595062,0.6580467581003246,0.26727002241890346,0.905078974541184,0.8246331146707679,deepfluoro/subject02/052
deepfluoro,subject02,053,branch_as_is,0.8107332703212208,0.6699921412624208,0.628537618912614,0.7248224301038659,0.1638373643893122,0.7802174295394837,0.08986047525391047,0.02621524534068926,0.4406677005933322,0.04734338865377242,0.6226487526086484,,,0.9052803623388855,0.05934403349301802,0.6419782655969306,0.2724275371365889,0.9047174892857236,0.8233858815646969,deepfluoro/subject02/053
deepfluoro,subject02,054,branch_as_is,0.7980062272416015,0.6374366605663032,0.5790657685601222,0.702230426068933,0.19120194716080538,0.7743906709847062,0.08842457067402969,0.026669683590779685,0.4700690533954749,0.07069343255048934,0.5667432280158139,,,0.9040885403261397,0.057958517690510865,0.6202221189444832,0.28046843484003475,0.9036964760763522,0.8177220587600719,deepfluoro/subject02/054
deepfluoro,subject02,055,branch_as_is,0.7861288446175214,0.570408899911305,0.5565788767780236,0.690530829801198,0.20756736762493194,0.7683456302409466,0.08965280234137955,0.027863677351778908,0.5270271397688021,0.10813089318917946,0.4622780067221255,,,0.8984253873303619,0.06631775205876474,0.563840770526768,0.3089706686866168,0.8970108109457057,0.7969325290400682,deepfluoro/subject02/055
deepfluoro,subject02,056,branch_as_is,0.8782358057265047,0.6743087456089825,0.7891871274253197,0.7026130856371414,0.19724493251049424,0.8023028905484605,0.07017699502781118,0.013919283560597606,0.550184890059376,0.07270641509900932,0.6016023305099731,,,0.9158128243284911,0.04218416540316329,0.6058594460705455,0.27673140937291635,0.9159873935225863,0.8291977657684381,deepfluoro/subject02/056
deepfluoro,subject02,057,branch_as_is,0.8580229881818044,0.6711087797459586,0.6825449079639379,0.6753070537754962,0.2250304480421428,0.7975872109459988,0.07393419803187738,0.015116136257250891,0.5488521128123569,0.0673198051009389,0.6037889746450197,,,0.9068652968916988,0.058808739053116364,0.6183035355177477,0.2969625119869375,0.905500393729153,0.8058379875698986,deepfluoro/subject02/057
deepfluoro,subject02,058,branch_as_is,0.9010748536968175,0.6645955104521368,1.1607194467995352,0.8289213248067798,0.11788030004875433,0.8894045211360408,0.07335905378551257,0.03886106462418473,0.764362642958283,0.020229242042263944,0.6443662684098729,,,0.9243564480857829,0.10630598655058036,0.727312633654107,0.2083523210481223,0.8603546138318244,0.8333260461677868,deepfluoro/subject02/058
deepfluoro,subject02,059,branch_as_is,0.8865264930080741,0.67519793914129,0.784450789175736,0.6917804232241325,0.1870495942013088,0.7861339642009444,0.07359632408497743,0.015087905609432468,0.5094353181870651,0.06491977355136609,0.6102781655899239,,,0.9064795174322731,0.0473156797301952,0.6357842033194726,0.26822298538661743,0.9065959360268533,0.8270649974208274,deepfluoro/subject02/059
deepfluoro,subject02,060,branch_as_is,0.9553819461563797,0.6878509923434799,1.4959450530118907,0.7422437528085523,0.10598016973607072,0.8749945096519831,0.06739963911311456,0.03696790423070025,0.8965363741468227,0.09316155252832924,0.5946894398151507,,,0.9363904819136596,0.11093383386708765,0.6971236822084443,0.21258572172317095,0.750044573139362,0.7236522628096125,deepfluoro/subject02/060
deepfluoro,subject02,061,branch_as_is,0.9459292733735807,0.7220399234243293,1.387421315571783,0.778740038280635,0.11976064330451607,0.9103021272924098,0.06503937288252623,0.032376295742117873,0.851016029115785,0.06209208308109465,0.6599478403432346,,,0.9373140153896925,0.11647898684753553,0.6925662551525107,0.21639160282224665,0.7944371115898192,0.7666184580268337,deepfluoro/subject02/061
deepfluoro,subject02,062,branch_as_is,0.920865390402958,0.7248601090449835,1.23577820870306,0.8375339542106176,0.1110485355460741,0.9024490379157694,0.06884088094628113,0.03333317810764981,0.7793509876240543,0.05376803854062577,0.6710920705043578,,,0.9327153371750595,0.10076958046240632,0.6837296331072867,0.2221376221515083,0.8621922666611713,0.8261980947119782,deepfluoro/subject02/062
deepfluoro,subject02,063,branch_as_is,0.8909168177210633,0.6944375535641312,1.085282269476815,0.8651475270502051,0.079893632392813,0.8658880042602639,0.07871447145592995,0.03874532198618917,0.6870638157270806,0.03807080854088483,0.6563667450232463,,,0.9271040612078805,0.079657946062171,0.6758763807648066,0.22635347148496615,0.9078229953854937,0.8575171736827333,deepfluoro/subject02/063
deepfluoro,subject02,064,branch_as_is,0.8674816287089163,0.6895203289521054,0.9826136975782827,0.8094812649492483,0.1035181929619847,0.8294633686788009,0.08133314664661952,0.03755311003992793,0.5694510977350731,0.06166434113896364,0.6278559878131417,,,0.9168994145506233,0.06275187736968939,0.6666847443498675,0.23186092855283325,0.9145436368284253,0.8506515288435555,deepfluoro/subject02/064
deepfluoro,subject02,065,branch_as_is,0.8883394272736512,0.6829557209251772,0.8845254113315185,0.7146599308792873,0.16607278584567403,0.7936703328534211,0.07559218016218158,0.018446671919592122,0.4976532578093987,0.06414118878008876,0.6188145321450884,,,0.9087814919986148,0.04861457780088514,0.6456003058624877,0.25626639388412625,0.9089206939215965,0.8305079980294943,deepfluoro/subject02/065
deepfluoro,subject02,066,branch_as_is,0.8941696098427337,0.6922236430606487,0.8160388784089958,0.6928256991305757,0.1888018313930106,0.7914483742222245,0.0715123567418005,0.014368446982710588,0.5099188663956699,0.06523517866655394,0.6269884643940947,,,0.9064573350624406,0.04797910805102073,0.6361838795567907,0.26860513635395583,0.9065201383180661,0.827366926723341,deepfluoro/subject02/066
deepfluoro,subject02,067,branch_as_is,0.8823994393494584,0.6783359778436578,0.7603452252137759,0.6734924712616331,0.21054697638500874,0.7871906482628855,0.07234994852898362,0.014396580394908222,0.5562111063497895,0.06769782771921891,0.6106381501244389,,,0.904140198645791,0.0525496563064105,0.6107564080434587,0.2896234789031011,0.9034098170235968,0.8112927653139226,deepfluoro/subject02/067
deepfluoro,subject02,068,branch_as_is,0.8866519437698365,0.6968242463700827,0.8392837934194318,0.7348850680923525,0.1850149846510306,0.8179740272748619,0.06874615412558548,0.017126134809092485,0.5957515095253,0.1040954129157432,0.5927288334543395,,,0.9084023418367985,0.055692911849347555,0.6279198910581444,0.28115985080995815,0.907096155672225,0.8169335100804915,deepfluoro/subject02/068
deepfluoro,subject02,069,branch_as_is,0.8508068513688176,0.5760070000972913,0.688394335940062,0.6988539573892876,0.22674386161647572,0.7986609277233784,0.07898300168346545,0.01631827435831943,0.675122795169356,0.12594436210649326,0.45006263799079804,,,0.9084400777007957,0.07168472260322785,0.5402988370140986,0.32412538617347947,0.9064955425745388,0.7905943942412167,deepfluoro/subject02/069
deepfluoro,subject02,070,branch_as_is,0.8519230959115398,0.6448737961190706,0.6952285164892497,0.6876113363057696,0.2286071210029613,0.7999807065992122,0.07751669843055053,0.01744764899457831,0.6307755587824943,0.118459503813138,0.5264142923059326,,,0.9135756215347576,0.05715451344468181,0.5973959860847342,0.2944259074646709,0.9126546712606128,0.8121106811053874,deepfluoro/subject02/070
deepfluoro,subject02,071,branch_as_is,0.8758861064182627,0.6893773271860358,0.7957758127453325,0.73132879770882,0.19217965747040833,0.8179014292871702,0.07168728615531744,0.01829654213511938,0.5898775490536116,0.10470651697017236,0.5846708102158635,,,0.9149948351110462,0.053818910551958914,0.6315829738850617,0.2792709739413377,0.9140447083063119,0.8232958375628533,deepfluoro/subject02/071
deepfluoro,subject02,072,branch_as_is,0.892616860057281,0.6630206628213764,0.8924804590405708,0.7559001746212759,0.15974391233371413,0.8233816876044898,0.06987891760310215,0.016764366637811907,0.5692156868350545,0.08130970236583636,0.58171096045554,,,0.9153789472690647,0.052056316980265464,0.6552237361926995,0.26618061401945864,0.9138700872957695,0.8278042128151503,deepfluoro/subject02/072
deepfluoro,subject02,073,branch_as_is,0.9136922066226433,0.6844735314640358,0.9818397957345832,0.6938481692070141,0.21210057440268532,0.8429976468473389,0.061727986375609036,0.01859837675976365,0.44061761396974697,-0.012519645979643257,0.6969931774436791,,,0.9211361690499424,0.04472209688899664,0.6503553878954553,0.25930846800574653,0.9233036987317321,0.8555625829533628,deepfluoro/subject02/073
deepfluoro,subject02,074,branch_as_is,0.7533113057325941,0.21108241578031667,1.1005167997168175,0.6945289330582017,0.19837471007624202,0.7867721746670707,0.1062019643975575,0.07598756714320284,0.5643235033998698,-0.018249312225131143,0.22933172800544782,,,0.9130623773630531,0.06822256284698999,0.6513096657687482,0.25770318279694315,0.9089162517758034,0.8423212512697305,deepfluoro/subject02/074
deepfluoro,subject02,075,branch_as_is,0.8042551248264838,0.43901182579363035,1.2842766955032605,0.748000338733883,0.14381963102294307,0.7367576050751236,0.1001108243001816,0.07863781959499476,0.6855104517045172,0.01965614407076046,0.4193556817228699,,,0.9070309131058104,0.09350713747865794,0.6444063347354749,0.24969110720856966,0.8666019672628273,0.7998741846346213,deepfluoro/subject02/075
deepfluoro,subject02,076,branch_as_is,0.8657919256460771,0.5402759743086589,1.429375484989212,0.7629729617713229,0.1063216477918557,0.8102507529866526,0.09108919018859318,0.07042214810458351,0.7587577657350932,0.06141536782715104,0.47886060648150786,,,0.9177969708321315,0.10993944303462765,0.6589598405647554,0.24263096916156762,0.8267192474028918,0.7668779378455697,deepfluoro/subject02/076
deepfluoro,subject02,077,branch_as_is,0.9116743509553424,0.6232101925416625,1.5471085899634058,0.7504234400260507,0.09281835090151783,0.879502485998784,0.07874686350571193,0.059644219976639976,0.8071765794443564,0.13447959577850316,0.4887305967631594,,,0.9303228209472659,0.120173648916042,0.671124428977757,0.24023459676262815,0.7806201164484005,0.7242347524483127,deepfluoro/subject02/077
deepfluoro,subject02,078,branch_as_is,0.9409462556449518,0.6974352292189586,1.6007482602182108,0.7090992052137044,0.13246541223158328,0.9194115464918503,0.06427222552228343,0.04818971399903784,0.8402517266275331,0.1698128441704292,0.5276223850485294,,,0.9382395155272656,0.1334060351678479,0.6875250188658366,0.23442409081019863,0.7277436821909273,0.6783736642053825,deepfluoro/subject02/078
deepfluoro,subject02,079,branch_as_is,0.9547823426631681,0.7074229236774837,1.6818906429840284,0.6613466070901568,0.1263605454740878,0.917434171633172,0.06158453826041079,0.04565818363163328,0.8573038258889543,0.2159061344866118,0.49151678919087194,,,0.9399844641661217,0.13684176391029662,0.6967818624420637,0.2281409820003873,0.6692122187752952,0.6277387720476355,deepfluoro/subject02/079
deepfluoro,subject02,080,branch_as_is,0.8489638780041596,0.5863047207162317,0.8483241572522584,0.5999167767426151,0.33081542854737317,0.8206950162525845,0.0669384105485708,0.01593297244784709,0.7195547481540725,0.12001238976046125,0.4662923309557705,,,0.9008357435712784,0.12187771365530996,0.326486698590204,0.410739719596608,0.9074961360060196,0.758881632945804,deepfluoro/subject02/080
deepfluoro,subject02,081,branch_as_is,0.8857456691174816,0.6023395555622262,0.8931099850863047,0.613322813344966,0.30297328231075854,0.8174045284742275,0.06076509822108947,0.013102286225189106,0.7115384897453975,0.117725131400843,0.4846144241613832,,,0.9226684439790516,0.08217535250552056,0.41976379034119554,0.36458367900791794,0.9246463415844872,0.7982397382738278,deepfluoro/subject02/081
deepfluoro,subject02,082,branch_as_is,0.7563998991225857,0.23345813330087412,1.0746232335166592,0.7049876571863213,0.18735949810206648,0.7824164085807731,0.10793037815507814,0.0778024856971822,0.5905196789175073,-0.015152697424848484,0.2486108307257226,,,0.9179715859779114,0.07159000125423176,0.662334658455459,0.24755572591382577,0.913216786420758,0.8508883455427614,deepfluoro/subject02/082
deepfluoro,subject02,083,branch_as_is,0.909150390858814,0.6575297170271586,0.9307809106487025,0.6163838453860655,0.27180260074108004,0.807104858466619,0.060228695953114156,0.013568896964286491,0.6832294906935412,0.08561638771844834,0.5719133293087102,,,0.9219775101393769,0.050635624611007395,0.5008434567405469,0.31821159864862153,0.9219662733985855,0.8242973873778894,deepfluoro/subject02/083
deepfluoro,subject02,084,branch_as_is,0.9262199703480202,0.6970570642192925,0.9924940446730197,0.6305674284770665,0.24291381686315353,0.8102596477385016,0.05861367325983436,0.014658666486531548,0.628799286206969,0.05182229774158742,0.6452347664777051,,,0.9187195728830319,0.04161389112317422,0.5582623298892169,0.29280184065578446,0.919036575655337,0.8370543329640231,deepfluoro/subject02/084
deepfluoro,subject02,085,branch_as_is,0.9350394638357609,0.7164053270678492,1.0554288183290006,0.601060957666144,0.2515745714434522,0.8054490352158651,0.0577314182831361,0.015263521471198777,0.5365569249375945,0.014235182035030816,0.7021701450328184,,,0.9154321300139661,0.04061092732507877,0.5891669502783671,0.28203625817203926,0.9161372629173921,0.8397040869314804,deepfluoro/subject02/085
deepfluoro,subject02,086,branch_as_is,0.9175270085814634,0.6345187894040576,1.1329967184382606,0.5883406529308903,0.25449429632964904,0.8061483944521364,0.06662120889184091,0.026158256033513256,0.48455714241853765,-0.013493248723636922,0.6480120381276945,,,0.917244642491459,0.040705219483317095,0.6242749053222997,0.2600564919395487,0.9191954139841538,0.8530673669241275,deepfluoro/subject02/086
deepfluoro,subject02,087,branch_as_is,0.7565025820253338,0.17614576869545018,1.2525477543378325,0.6905907398261275,0.18146215823689799,0.750076483572752,0.10907047415714952,0.08478164783477025,0.617731487756172,-0.02894854215415178,0.20509431084960195,,,0.9082003864270335,0.07588378775899396,0.6319753986293298,0.2561240916490639,0.8990581536949552,0.8374396629371654,deepfluoro/subject02/087
deepfluoro,subject02,088,branch_as_is,0.8288101572669049,0.427760247021357,1.3982687078293776,0.7503431650490985,0.12623730361987265,0.7451470804343158,0.0939459058421549,0.07663977494880718,0.728865178446595,0.005744922029119711,0.4220153249922373,,,0.9055870898054406,0.09905543992616218,0.6308054981130846,0.24839020842793208,0.8572507051593237,0.795966185646848,deepfluoro/subject02/088
deepfluoro,subject02,089,branch_as_is,0.8906529439571351,0.5397995500777822,1.5267667318497498,0.7640341548337476,0.08919539481867808,0.8394479059477965,0.08335514364888892,0.06635902696891798,0.7957977059310435,0.05788687574445203,0.4819126743333302,,,0.9173963995070189,0.11470084450536214,0.6462725929786415,0.24061749488248824,0.8177367130299401,0.7628176756054059,deepfluoro/subject02/089
deepfluoro,subject02,090,branch_as_is,0.9276605138496692,0.6087906075475175,1.60318435139301,0.7395217230014685,0.10558913349518274,0.8874354862638134,0.07068578462445806,0.055404622070184706,0.832540975043604,0.12072435666983929,0.4880662508776782,,,0.9273587894668759,0.12596218728718564,0.6614413096679097,0.23664919241100016,0.7691453804530867,0.7178241806676406,deepfluoro/subject02/090
deepfluoro,subject02,091,branch_as_is,0.9499740475362924,0.7019585584646391,1.6651609119210222,0.7025046752395808,0.1355555998408954,0.9166251991401976,0.06183679784278696,0.04706426049823361,0.8556971147900907,0.16102338183162726,0.5409351766330118,,,0.9383814996513483,0.13536068856359187,0.6776449500082274,0.23122219562884713,0.7222390151796733,0.6768338827014413,deepfluoro/subject02/091
deepfluoro,subject02,092,branch_as_is,0.9575343711162242,0.7238204594495151,1.7128568182202384,0.662429899225255,0.12900071553398268,0.9078771963254512,0.06243099988252068,0.046144529066745085,0.8624144957138211,0.2060170360960104,0.5178034233535047,,,0.9415400657572534,0.13809855735688678,0.6906499622117673,0.22553584152942796,0.6712319478459733,0.6329501755981453,deepfluoro/subject02/092
deepfluoro,subject02,093,branch_as_is,0.7252197717370553,0.14822743763741547,1.053111832993821,0.8026926768915709,0.12057361588141986,0.8163324695209565,0.09929943103081922,0.060684316852450064,0.5427987711280335,-0.04473376007172615,0.1929611977091416,,,0.9119816093421778,0.07671633379614101,0.6475388453251721,0.2520234345817744,0.9086634632575822,0.845795868241914,deepfluoro/subject02/093
deepfluoro,subject02,094,branch_as_is,0.7565164722715141,0.19215528080694252,1.2612810632416158,0.6923858916090795,0.18271043987365287,0.7490363787235346,0.10768669571072019,0.08456006179241973,0.6189325287873773,-0.02848136562614173,0.22063664643308425,,,0.9065465391740831,0.0773700604773513,0.6306918015639472,0.25691598758666595,0.8957621356342531,0.8339610797131511,deepfluoro/subject02/094
deepfluoro,subject02,095,branch_as_is,0.8886339633025214,0.5358517134973039,1.5201912598621066,0.7665233342496972,0.08977155518637966,0.8423001608471345,0.08198996506473966,0.0653395416099326,0.7921552304502877,0.05352769150362402,0.48232402199367985,,,0.9169669648011559,0.11509259156980947,0.6462884820706989,0.24117477967710926,0.8180734170279419,0.7629225098016676,deepfluoro/subject02/095
deepfluoro,subject02,096,branch_as_is,0.9352697951033566,0.7206252582236008,1.0551299899458966,0.599469861754357,0.25768665509902294,0.8108111200410311,0.05631026452370962,0.01496005270800638,0.5285876966497843,0.010792085204287056,0.7098331730193137,,,0.9158414178435463,0.040603987172388604,0.591185890879862,0.28140748134185567,0.9165774809849981,0.8404388245463235,deepfluoro/subject02/096
deepfluoro,subject02,097,branch_as_is,0.8016505311463525,0.6054374602190584,0.6888685909651032,0.604591465642662,0.32274826912139887,0.8075583745062087,0.07793006657369071,0.0203231248699448,0.6667778372006105,0.1354548457653174,0.469982614453741,,,0.9022966817211127,0.12493122486808911,0.34679027542082586,0.41201073980017333,0.9068308097535659,0.7593845280819297,deepfluoro/subject02/097
deepfluoro,subject02,098,branch_as_is,0.7909945523192478,0.5967515427092931,0.7176812361361611,0.6001420360975207,0.3499632874242991,0.8178776677482382,0.07898587191364573,0.02023295447338652,0.6803885859855604,0.15601548465780493,0.4407360580514882,,,0.8809151194396828,0.1555907616782761,0.2536707998063287,0.4469111965237276,0.8958180400807175,0.7313902764586521,deepfluoro/subject02/098
deepfluoro,subject02,099,branch_as_is,0.8123961693825811,0.5951131692597946,0.6989388776704093,0.6093154311684247,0.32081856807826364,0.8116274197427559,0.07618120400506422,0.01878495726612901,0.6690825926040411,0.1297930185147471,0.4653201507450475,,,0.9075813623207452,0.12062387171849567,0.35089133495195635,0.4080168120054968,0.912606390870952,0.7656473086661282,deepfluoro/subject02/099
deepfluoro,subject02,100,branch_as_is,0.8353071861873447,0.6113688326627583,0.7323946859039534,0.6724468342406866,0.2757000582579755,0.8392030993380175,0.06638623535040476,0.016751071382174562,0.6624274959572237,0.10332421352531918,0.5080446191374391,,,0.9247500531213103,0.08273463750778985,0.4494955722655797,0.36063265302652503,0.9258041540275976,0.8021254820693761,deepfluoro/subject02/100
deepfluoro,subject02,101,branch_as_is,0.8714303664286684,0.6748812638762106,0.7949217112531111,0.7145157315457188,0.21665118915502102,0.8363133496969648,0.0658047734293917,0.01601134759372809,0.6371945338690589,0.08935761749953686,0.5855236463766738,,,0.9252911728639575,0.05233794525518941,0.5404925736271126,0.31071007557363806,0.9250919645570918,0.8303940205345363,deepfluoro/subject02/101
deepfluoro,subject02,102,branch_as_is,0.8986718135304991,0.7173853275349967,0.8752495678351679,0.7207913564028636,0.19706184742913802,0.837026361141376,0.06321313137811213,0.016422586951590455,0.5893072612817425,0.06295679569514315,0.6544285318398536,,,0.9234275350162199,0.045136269576395556,0.5976847233251761,0.284423251427309,0.9240669947068733,0.8443615619549221,deepfluoro/subject02/102
deepfluoro,subject02,103,branch_as_is,0.9157445246298205,0.7407978668210228,0.9264292964137971,0.7019083772994507,0.19702174907391962,0.8301731951431457,0.06281728636620748,0.01583403678562921,0.5137175521626826,0.024873151319571216,0.7159247155014515,,,0.9208395459762293,0.04433277120074981,0.6306873375183455,0.26893155680899905,0.9224851604114401,0.8507077670555702,deepfluoro/subject02/103
deepfluoro,subject03,000,branch_as_is,0.9421248182582237,0.7689795449763744,1.2231298065418459,0.8586073739560847,0.12710664050284842,0.9150739445625954,0.048835714836939645,0.014501193011693852,0.6987507912311033,0.07345425206246173,0.6955252929139127,,,0.9460548746330906,0.0674135705062843,0.8214108501604115,0.13066812908071598,0.9484671603250177,0.9067317460369136,deepfluoro/subject03/000
deepfluoro,subject03,001,branch_as_is,0.9487099383605654,0.764442809873871,1.3021921994496937,0.8747742031263143,0.11447264440222726,0.921964226216835,0.04536355812350896,0.013847420152519448,0.7307116967923437,0.06861717782115423,0.6958256320527167,,,0.9491097215457833,0.061183294544497994,0.8268206864981554,0.12343243838998387,0.9505998336197452,0.906982581206487,deepfluoro/subject03/001
deepfluoro,subject03,002,branch_as_is,0.9346086841367017,0.7653679037815145,1.1687081495928442,0.8407227141819109,0.1433358515487318,0.9089528424392105,0.05251272068156107,0.01562771779050662,0.6645364206423668,0.06675336233660756,0.698614541444907,,,0.9409457443359572,0.07611206425188288,0.8143635965769247,0.1401745145059437,0.9444792704585008,0.904807558792358,deepfluoro/subject03/002
deepfluoro,subject03,003,branch_as_is,0.9225858110032952,0.7574772208882579,1.061477602123402,0.7698206500513588,0.21312079993840125,0.8925290706898247,0.06106400645736576,0.015918889394539195,0.6461466326413218,0.06094182152268823,0.6965353993655696,,,0.9320110895770676,0.09333445595461605,0.7981742033986542,0.15824808214607466,0.9373022379482465,0.8957968082699906,deepfluoro/subject03/003
deepfluoro,subject03,004,branch_as_is,0.9199814166608702,0.7514047394617046,1.0634788583643005,0.7710415676934838,0.20813669538068957,0.8908873724971669,0.06291910365809573,0.017244161400977797,0.6373091683132228,0.055990636085927054,0.6954141033757776,,,0.9324184090882972,0.09238317560386748,0.7998018714087451,0.15716095997281554,0.9376087987157613,0.8965046002090765,deepfluoro/subject03/004
deepfluoro,subject03,005,branch_as_is,0.9447900245515597,0.7835992670351157,1.1591532605174404,0.637329954932542,0.29266164272638906,0.8778091047727465,0.060364964592732766,0.014044391338835054,0.680200893487657,0.03076732866605978,0.7528319383690559,,,0.9286782632685615,0.10877827137658624,0.7842381719104524,0.17854536803328694,0.9355001779200159,0.893159665796369,deepfluoro/subject03/005
deepfluoro,subject03,006,branch_as_is,0.9125311569616672,0.7380762972848035,0.9880125643846951,0.6573509877643484,0.2937225007532519,0.8691041504489797,0.07110581912451693,0.016479195193821787,0.6650138124139001,0.03864847744045005,0.6994278198443534,,,0.9223519371544588,0.11160525854176759,0.7867834465510705,0.17441100329387307,0.9282271764203786,0.8852299424512279,deepfluoro/subject03/006
deepfluoro,subject03,007,branch_as_is,0.9458123228920471,0.7374565908764806,1.2427427640972022,0.8421174493086375,0.16857743572505027,0.9180616938731146,0.051341708444504086,0.013398204987151247,0.7456111787038612,0.09101807451641565,0.646438516360065,,,0.9474757680247953,0.08643538773657389,0.8171976341554396,0.144246017455418,0.9500430808362748,0.9047319686782271,deepfluoro/subject03/007
deepfluoro,subject03,008,branch_as_is,0.9442489502817469,0.7365228106930845,1.220461145674296,0.8308899732600492,0.17957681225274816,0.9140907381025464,0.052168390988720774,0.013546152763895333,0.7449824522003775,0.09131058559205828,0.6452122251010262,,,0.9465591781808389,0.08756715539022626,0.8162666259652441,0.14601343478943987,0.9495823377880532,0.9047257557347956,deepfluoro/subject03/008
deepfluoro,subject03,009,branch_as_is,0.9301348120700609,0.5791274504944564,1.2069537456306847,0.8193160461302481,0.1719827243570842,0.8840121420083625,0.05916748273087949,0.015409183077115566,0.7454211274540634,0.08620013116075394,0.49292731933370243,,,0.9331192641980319,0.08513974070102302,0.7992834881782512,0.1436276804666479,0.9348645804909684,0.8799281830383694,deepfluoro/subject03/009
deepfluoro,subject03,010,branch_as_is,0.9255648934874154,0.6617126209877375,1.2647699150231908,0.8430432845606581,0.16438020668267397,0.9124110677693106,0.060424609404341585,0.01724209339184915,0.7327741175044926,0.07259771027780043,0.5891149107099372,,,0.9472815212087413,0.08086187589713287,0.8183810806899895,0.14072441245113082,0.9486675575152149,0.8962299338002635,deepfluoro/subject03/010
deepfluoro,subject03,011,branch_as_is,0.929797093927685,0.6614911130792707,1.271363515955598,0.8418991571481013,0.1670066645849599,0.915422486028084,0.05867502524973206,0.01667644429449438,0.7373131806471411,0.071881497555587,0.5896096155236836,,,0.9476407078623967,0.08197417282332184,0.820694008618308,0.1404954282181489,0.9490414543120667,0.8990015180928482,deepfluoro/subject03/011
deepfluoro,subject03,012,branch_as_is,0.9230273534110718,0.6372543182369399,1.2762770205135303,0.8437036341175851,0.16118693533969128,0.9107402254109723,0.061694324539084765,0.017436227799035097,0.7352649154037842,0.06798456160329144,0.5692697566336484,,,0.9469027517513101,0.08076311232801675,0.8204552828513897,0.14022541222354784,0.9479909656234011,0.8959006700978083,deepfluoro/subject03/012
deepfluoro,subject03,013,branch_as_is,0.9440030941313302,0.7773544202867377,1.1407983859274018,0.6826372823705145,0.2771386754682272,0.891419784995661,0.05736253281223173,0.013126911348320197,0.6975571846506584,0.042368660672296145,0.7349857596144416,,,0.9314241525841894,0.1053039876793562,0.7988115537005335,0.16721792349729314,0.9369472540518728,0.8966509661060839,deepfluoro/subject03/013
deepfluoro,subject03,014,branch_as_is,0.918368655824823,0.6236629147232267,1.2840927948206424,0.8436191766521023,0.1633955212710922,0.9091215425226529,0.06275179985955433,0.018116435598750123,0.7323804511451987,0.061471707202866314,0.5621912075203603,,,0.9469115497411861,0.07980206159278233,0.8207283988661765,0.14005960223144476,0.9477870201304031,0.8931491231982372,deepfluoro/subject03/014
deepfluoro,subject03,015,branch_as_is,0.9387317086162742,0.6647980636071976,1.1780436179700597,0.8309350470937378,0.18547054647882694,0.903364031881746,0.05420111215050822,0.011341607698861137,0.7837596995911469,0.08852945827891542,0.5762686053282822,,,0.9400706199684267,0.10134900198886057,0.8215283220380307,0.1494487868817125,0.9407239876209468,0.895534833093363,deepfluoro/subject03/015
deepfluoro,subject03,016,branch_as_is,0.9503084424510734,0.571459519321192,1.305991154939863,0.8536254627176681,0.13406068718771308,0.9086899386007052,0.05067378393852741,0.01737744457536045,0.8289224708532099,0.0795676774866241,0.4918918418345679,,,0.9452625374161353,0.06389985036625591,0.8806976561926287,0.09169627504538456,0.9412082635275756,0.8838219865628388,deepfluoro/subject03/016
deepfluoro,subject03,017,branch_as_is,0.9360444842342999,0.609131466858458,1.1636887107531788,0.8053912192525838,0.19225840199830646,0.8933025908395094,0.05462999565064512,0.01531860295147832,0.8165629174978938,0.10344062666131022,0.5056908401971477,,,0.9366516928319676,0.08943195628301477,0.857828361163918,0.11876118818318208,0.9342719667474864,0.894486777639159,deepfluoro/subject03/017
deepfluoro,subject03,018,branch_as_is,0.9387387139190286,0.7734500183190685,1.1045537687950153,0.6867519230237283,0.26549958879618557,0.8833576349361563,0.06144858136839126,0.014023801328162836,0.6918002846198025,0.0360461021779149,0.7374039161411535,,,0.9284619070204535,0.10708912579669443,0.7916536608788042,0.17171710594821124,0.9345489677327723,0.8923943412848026,deepfluoro/subject03/018
deepfluoro,subject03,019,branch_as_is,0.9410920991612635,0.7603845785370149,1.1165072511958827,0.638571698563731,0.30562645286423495,0.8817142160512886,0.05928955307770138,0.013061220101447269,0.6988465374658782,0.03713124618447366,0.7232533323525413,,,0.9282598627396376,0.10859905255295974,0.7958525491708853,0.16974136235399442,0.933877131668284,0.8928664630269126,deepfluoro/subject03/019
deepfluoro,subject03,020,branch_as_is,0.9375103724847914,0.7603964353970184,1.084281363694104,0.6583933080876558,0.29104906134695885,0.8801344611471014,0.06090666129040044,0.01307107724337737,0.6913398405869585,0.03735674925827226,0.7230396861387461,,,0.9257659545859327,0.11011243021709638,0.7907609635448769,0.1726975614710922,0.9317774070717357,0.8895939784568138,deepfluoro/subject03/020
deepfluoro,subject03,021,branch_as_is,0.9362119644047227,0.7550527077459486,1.0878175820752676,0.6502871723509978,0.2986053145762831,0.880232652043062,0.06081555938602774,0.012780171092937472,0.6931527173465014,0.03494985310384694,0.7201028546421017,,,0.9256201337047796,0.10992561951259641,0.7917078604148257,0.17201107052930284,0.9315704658657027,0.8896495981391781,deepfluoro/subject03/021
deepfluoro,subject03,022,branch_as_is,0.9368443378301529,0.7480272708098743,1.1084790165067986,0.640205372060738,0.3042675113777209,0.8772993772978248,0.0612926373907797,0.012832945629217699,0.701954558775235,0.038770193144548215,0.7092570776653261,,,0.9268886465451137,0.10815740351121458,0.7954315926415022,0.1683780040391982,0.9324989182920658,0.8911287318728913,deepfluoro/subject03/022
deepfluoro,subject03,023,branch_as_is,0.940638036149564,0.77151267996329,1.2138382196359578,0.8539662609346319,0.13064626792786532,0.9132726386378014,0.049582648600067135,0.014639771035625884,0.6965891702130343,0.07048985995070561,0.7010228200125843,,,0.9453397470892235,0.06870790604530937,0.8194587769276633,0.1326575386940597,0.9480356181902093,0.9063233383594005,deepfluoro/subject03/023
deepfluoro,subject04,000,branch_as_is,0.9676726173847701,0.3830404084927017,1.5431815390181136,0.7928981212805788,0.10840251921343694,0.8110947519059597,0.052781810129668115,0.01585776399856407,0.9206585007938283,0.030157755209968395,0.3528826532827333,,,0.8851108561726283,0.11502465129795317,0.7989100138265547,0.16151950052454495,0.8304538047090004,0.7948708382741196,deepfluoro/subject04/000
deepfluoro,subject04,001,branch_as_is,0.9636435412263534,0.4642005074110497,1.5745092252365396,0.8032348653027612,0.10054134846117957,0.8026104283070374,0.05717041169695091,0.016720543808523423,0.9182461098570123,0.040269949921866395,0.4239305574891833,,,0.9012948321844204,0.09907045854235867,0.7788939823515512,0.1823225843435329,0.8275560308569119,0.7800878186842161,deepfluoro/subject04/001
deepfluoro,subject04,003,branch_as_is,0.9753769017494185,0.5245264850961171,1.6517600942809698,0.7704592264235858,0.10684007746839987,0.6510110150125327,0.055906609407048204,0.02423978534872517,0.9335082390803989,0.17030071448864914,0.35422577060746796,,,0.9063001567219592,0.10776901449280331,0.811031779283591,0.14766589270026118,0.7809148297443254,0.7480777575110334,deepfluoro/subject04/003
deepfluoro,subject04,005,branch_as_is,0.9569742855928869,0.4224073973539752,1.4727723411442926,0.8344699249975142,0.10451552694806768,0.8406321440642474,0.056707417218803166,0.0135805194535183,0.9088584092798647,0.028274845056662196,0.39413255229731303,,,0.8946653790802156,0.10041622767139159,0.7620240237041437,0.1878518933939533,0.8577858597423288,0.8087649578622219,deepfluoro/subject04/005
deepfluoro,subject04,006,branch_as_is,0.94271737099569,0.44789797031449397,1.33919762970582,0.8613715354725935,0.11167602843353874,0.8689766541582389,0.05968526180619026,0.011830619903369477,0.9009583666594104,0.041614942667026665,0.4062830276474673,,,0.8952776189117371,0.10274262891024548,0.7535502706421805,0.1906198677306121,0.8888413981001809,0.8383942521397759,deepfluoro/subject04/006
deepfluoro,subject04,007,branch_as_is,0.8952734931453477,0.5251844735543668,1.071052797773072,0.8123604069029022,0.11897862838156172,0.8374443021891038,0.08502872574777963,0.022250209398648812,0.8679663384194077,0.07078448307318247,0.45439999048118435,,,0.897001332077169,0.09957904352505902,0.7168148044306666,0.22042743874117915,0.899857712013194,0.838577054279373,deepfluoro/subject04/007
deepfluoro,subject04,008,branch_as_is,0.9460873143277937,0.5691910419096334,1.2106274498328689,0.7165575748784235,0.14267453649648618,0.8169713378117951,0.05908332315132052,0.008245469642438637,0.7177095699433,0.03466161965282148,0.534529422256812,,,0.8998275945185639,0.057054414171176446,0.696812689632467,0.23663927090447617,0.9010420392333404,0.8178268923497832,deepfluoro/subject04/008
deepfluoro,subject04,009,branch_as_is,0.9412088203182436,0.5822253720910675,1.1782265730408226,0.8288736546881059,0.08912540317168642,0.8571971056768121,0.054662146618905894,0.009372945662744155,0.6783753960576747,0.0492187259923133,0.5330066460987543,,,0.9014678357494186,0.056072905300257866,0.6925866250284429,0.2374001748860708,0.9022500917220867,0.817648061985612,deepfluoro/subject04/009
deepfluoro,subject04,010,branch_as_is,0.9390136627167114,0.5436831722597751,1.2748835814471342,0.8736165586896351,0.08977850583401818,0.8835560109023042,0.052325083224834236,0.00949549244238561,0.730759444568408,0.0691780260651888,0.47450514619458634,,,0.9040621443746635,0.08273209359214188,0.7150278375793022,0.20232047424447477,0.8993061537857105,0.845444467102651,deepfluoro/subject04/010
deepfluoro,subject04,011,branch_as_is,0.9538683032687502,0.5243287519469553,1.4298222968619685,0.8670448240435966,0.09322979994451931,0.8782204127945732,0.05262995849848304,0.012646775889417691,0.8087361935561667,0.06506155227225585,0.4592671996746994,,,0.9093012581602262,0.08721255052920754,0.7294426589530372,0.19400967222613422,0.8934558590564032,0.8464271786605646,deepfluoro/subject04/011
deepfluoro,subject04,012,branch_as_is,0.9693649739681912,0.5903767064525016,1.5834715732972953,0.8636932525561374,0.08262217399231216,0.8651406669423031,0.05095971940956547,0.014457770345725542,0.8627281368833436,0.07951513255747149,0.5108615738950302,,,0.9187587385332388,0.08476894148372298,0.7340357184266406,0.1904272601409363,0.8882588224583003,0.8316730116179207,deepfluoro/subject04/012
deepfluoro,subject04,013,branch_as_is,0.9484229860850995,0.5353751833931315,1.2488706200047277,0.7313697532484269,0.13076221043993805,0.8169369461143269,0.05748380896794034,0.009112729765584337,0.7816188399971548,0.040214703468322156,0.4951604799248093,,,0.894508323066264,0.06071915096181899,0.6999571543096091,0.2350950008525289,0.8955016404949646,0.8128967967097475,deepfluoro/subject04/013
deepfluoro,subject04,014,branch_as_is,0.9469275925220391,0.5250869998018517,1.234773044617141,0.7252961879933382,0.1303356797038078,0.8063651290963246,0.05968527090134337,0.009675355029886826,0.8150133925621524,0.03265620896920985,0.49243079083264185,,,0.8899251221792819,0.06584442328980075,0.7048492568722111,0.23324143634352634,0.8903295129921267,0.8088012134255876,deepfluoro/subject04/014
deepfluoro,subject04,015,branch_as_is,0.9480239034820201,0.5354655474120742,1.2170477764416878,0.7436770567528168,0.12597504042124663,0.8201161188348294,0.05739992123055334,0.009800780814781949,0.8177207095960535,0.04115288837435291,0.49431265903772126,,,0.892480123421348,0.06987270232210661,0.7127565008105362,0.2306938355022548,0.8928585028454992,0.812071508953982,deepfluoro/subject04/015
deepfluoro,subject04,016,branch_as_is,0.9419429721448215,0.536914677493931,1.148161420938513,0.7290684102790435,0.1302390705340202,0.8124539040424814,0.06352767289041093,0.012822991533931486,0.8073494172758637,0.054414453989422386,0.48250022350450855,,,0.890467426909349,0.07256714116413851,0.7041169346461779,0.2362727795420731,0.8901210634301492,0.8077111976534239,deepfluoro/subject04/016
deepfluoro,subject04,017,branch_as_is,0.9318909237912396,0.5070575638566593,1.0807816452733376,0.7296801532020721,0.13143118888618166,0.8101743864492454,0.06963766629448712,0.016315037503437102,0.821139475985179,0.08825167918750156,0.4188058846691578,,,0.8892828531233742,0.07111751653464483,0.6616895637368082,0.25345057936787213,0.8875178327217659,0.7958199221967381,deepfluoro/subject04/017
deepfluoro,subject04,018,branch_as_is,0.9214868675100014,0.4550749762161452,1.0693958168217947,0.7369569704064873,0.13047795553448815,0.8060371730161685,0.07668846872927425,0.0195709094307574,0.847372902038772,0.12215643879269908,0.3329185374234461,,,0.8927060472967373,0.06635549980972026,0.6030401833049481,0.27389476140217256,0.8896214327469858,0.7862090512640235,deepfluoro/subject04/018
deepfluoro,subject04,019,branch_as_is,0.9447116256462416,0.5724009182158217,1.195679311897563,0.7138023848083467,0.14604363948321214,0.8178626146246286,0.05912686228665605,0.00824154444545117,0.7179897815494856,0.0373286788061745,0.5350722394096472,,,0.9017579052341576,0.05839653477249006,0.7002722617833097,0.23333882807170506,0.903043044623495,0.821995937284551,deepfluoro/subject04/019
deepfluoro,subject04,020,branch_as_is,0.9552286794983481,0.5366067707200752,1.4378100227081438,0.8680360432851971,0.08899165169860845,0.8779397762175621,0.05182637060015808,0.012296795245843527,0.8064328271541041,0.06652229514502192,0.4700844755750533,,,0.9085562309564489,0.08568685350556557,0.7281922800580624,0.19497039863600382,0.8921827821855698,0.8437766676940334,deepfluoro/subject04/020
deepfluoro,subject04,021,branch_as_is,0.9486215262506122,0.539524776053802,1.2266279458043685,0.7472360531592828,0.1234944525010992,0.820030248061781,0.05743765997591254,0.009660989849584963,0.8172009981884626,0.0447694942573008,0.4947552817965012,,,0.8950394450481327,0.07027441620223834,0.716020715772733,0.22730550747977976,0.8956818976972545,0.8168502298015106,deepfluoro/subject04/021
deepfluoro,subject04,022,branch_as_is,0.9581095840750311,0.45536331803132163,1.5488677938515982,0.7630102371087673,0.09233184337016609,0.7505552139198464,0.06438452593697155,0.026899868037572047,0.9100182321199756,0.04950611882354933,0.4058571992077723,,,0.8844960031685807,0.09213131493862867,0.7505861332485713,0.20552256822894935,0.7883022199344459,0.7354834227684391,deepfluoro/subject04/022
deepfluoro,subject04,023,branch_as_is,0.8864601592379587,0.48093167067625814,0.9244201866670765,0.8395611509031825,0.08535326759092605,0.8372598814533622,0.06832253648059201,0.014910378109333816,0.6902097106517466,0.0955395413569392,0.38539212931931893,,,0.8913176849876244,0.07925094426727702,0.7543752004232979,0.2045674769776361,0.8823051098296646,0.8108236617795309,deepfluoro/subject04/023
deepfluoro,subject04,024,branch_as_is,0.9438211483266776,0.5404664939351189,1.241938829639205,0.7831828714169948,0.12007626085968089,0.8353679284102262,0.0590927362889882,0.022281678756071725,0.6783901466929259,0.050305613930956374,0.4901608800041625,,,0.887704012128841,0.052134789442690996,0.6156759530345522,0.2861880711544711,0.8851523412981036,0.7546990282433357,deepfluoro/subject04/024
deepfluoro,subject04,025,branch_as_is,0.8944898262927024,0.5146837615674754,0.9347290578414624,0.8393429718454657,0.08366082766074516,0.8502603818967189,0.06221307328469292,0.0098807460956922,0.6901027903905775,0.07935506005951029,0.4353287015079651,,,0.8944433937026177,0.056240356689094766,0.7111835829529635,0.2466970207012607,0.8906800896176928,0.7882423387788126,deepfluoro/subject04/025
deepfluoro,subject04,026,branch_as_is,0.917326691939208,0.5097398671751696,1.0496732826150612,0.7252659791289674,0.15035328969901882,0.8162502594398693,0.06571402111470658,0.01261782487186582,0.6908440761696738,0.04846113605538128,0.46127873111978834,,,0.8915831911267418,0.05120722201567112,0.6657133685902946,0.27872367446174523,0.8877096067638309,0.7638231770805456,deepfluoro/subject04/026
deepfluoro,subject04,027,branch_as_is,0.9307906155174427,0.5257190252535668,1.1186594653408557,0.7236202905378355,0.1613382235693445,0.8320704215369067,0.059933877547302,0.016198660213773978,0.6976890419475363,0.034062850362478685,0.49165617489108815,,,0.897158897257104,0.048007625252082416,0.6383542007089221,0.28663186506441357,0.8941938954067162,0.7636229073706294,deepfluoro/subject04/027
deepfluoro,subject04,028,branch_as_is,0.93290519966029,0.5291623740315041,1.1328042612608464,0.7250979111017634,0.16039520158467513,0.83168636697576,0.06039460972713108,0.018326787529428318,0.6919969081878039,0.0364119022108534,0.49275047182065074,,,0.8976593133461858,0.04765787792447639,0.6326412593283282,0.2862052378645353,0.8950917579058726,0.7641401419705672,deepfluoro/subject04/028
deepfluoro,subject04,029,branch_as_is,0.9170277199937226,0.4341314623099115,1.0726868311172824,0.7792374540912427,0.12708874352180827,0.8227859751373939,0.0648322649751576,0.019782909406835764,0.6808529150041914,0.08782408757533543,0.34630737473457607,,,0.8757889267751803,0.052976721271077304,0.5925075230964383,0.2972926697699157,0.8734991687036374,0.7388091498611029,deepfluoro/subject04/029
deepfluoro,subject04,030,branch_as_is,0.9229444523083403,0.5246094406927205,1.0666120168535134,0.7250985544542561,0.15448610482367364,0.8218401735802626,0.06429704323637464,0.01632713967743806,0.6887700138228008,0.0440909240510563,0.48051851664166423,,,0.896783375801359,0.04647120341078303,0.6511466071897987,0.2759364684460112,0.8951976309306222,0.773333652761782,deepfluoro/subject04/030
deepfluoro,subject04,031,branch_as_is,0.9147506090940306,0.5653314874681239,1.0418003994332965,0.7212611882770058,0.16149422597884575,0.8214283693847246,0.06709897610479276,0.018432594977163614,0.6538417742899965,0.06559891697363739,0.4997325704944865,,,0.8960679790708358,0.0488297283900213,0.6455479560220989,0.27927643214815184,0.8946832227531104,0.7711889143676439,deepfluoro/subject04/031
deepfluoro,subject04,032,branch_as_is,0.9152496297736527,0.5441291215998433,1.0717684711321211,0.8627045100145085,0.07940293098020264,0.8686943866128068,0.058385017288910816,0.015444948683885303,0.6071122884841095,0.0641465572059196,0.47998256439392367,,,0.8965861778649854,0.051647301658112016,0.6400515991255024,0.28250598871870936,0.8945869487368316,0.7658470701195651,deepfluoro/subject04/032
deepfluoro,subject04,033,branch_as_is,0.93812068483533,0.5744497349831488,1.2685294921349817,0.8972611075408533,0.0565979826102749,0.8969693297032902,0.050937650521885584,0.013371479751027034,0.5864399446101569,0.05749950909816095,0.5169502258849878,,,0.9119305245705968,0.056729235872987505,0.6813261937353323,0.23324042962244412,0.9102079481567723,0.812938362916244,deepfluoro/subject04/033
deepfluoro,subject04,034,branch_as_is,0.9548666636444287,0.612817751225904,1.4637568160971077,0.8983829986723058,0.0676989534756674,0.8910606338521344,0.05144043871941471,0.012834267707450522,0.683325000384436,0.060444941605844536,0.5523728096200594,,,0.9218509586044636,0.058410107093214945,0.7074822807137843,0.2203300001837383,0.9154469140354563,0.8251552397651246,deepfluoro/subject04/034
deepfluoro,subject04,035,branch_as_is,0.9642234707067204,0.6145414726924479,1.5368477582503348,0.8588927176142296,0.07073260782073293,0.8756893036401142,0.053328901840366955,0.020576766937571954,0.7598190838467694,0.0655783303499397,0.5489631423425081,,,0.9227055539747451,0.0750854872985853,0.736838892617578,0.196642941752446,0.8539642893869815,0.791844385166365,deepfluoro/subject04/035
deepfluoro,subject04,036,branch_as_is,0.973907738795332,0.627498174249708,1.567164030824976,0.804988353560097,0.07767921201479067,0.8600400330216201,0.05341491550797127,0.02244843022882898,0.8001516735550734,0.07264471798109455,0.5548534562686135,,,0.921369995001434,0.08150928314992893,0.7528847350030757,0.18046111564440495,0.7747515051936716,0.7246827060188701,deepfluoro/subject04/036
deepfluoro,subject04,037,branch_as_is,0.9212373209809178,0.5505987243645217,1.0751391625390188,0.7526810322909951,0.15456395006650595,0.8436954066465023,0.06179524295535877,0.019139718686558664,0.7306429148964994,0.14124894018960732,0.4093497841749144,,,0.9067914585973549,0.0476555567471901,0.6488237034208499,0.28467898375806927,0.9047896985302845,0.7779398703561708,deepfluoro/subject04/037
deepfluoro,subject04,038,branch_as_is,0.8997838958649176,0.4783502276696278,0.9495846254861077,0.8355186896853076,0.09244165874349393,0.8460885595080989,0.061981420881654564,0.015680219734143724,0.7340131596511241,0.13107353546435138,0.34727669220527646,,,0.8856983643404213,0.051423822684518006,0.6390896375236507,0.2792943135325569,0.8836394420337721,0.7624687277179776,deepfluoro/subject04/038
deepfluoro,subject04,039,branch_as_is,0.9203436459924742,0.53535557650072,1.0855415603305731,0.8840659550572271,0.06614049285687036,0.8825004237593459,0.0548704642791694,0.011853574384487697,0.6527240255731743,0.11059550598213708,0.4247600705185829,,,0.9077107509749016,0.0497493337778256,0.670958955455727,0.26968090397782096,0.9037047116251509,0.7812949503326293,deepfluoro/subject04/039
deepfluoro,subject04,040,branch_as_is,0.9463513436701382,0.5615155497517862,1.3164142474604934,0.899749745343294,0.06546397705158677,0.8994718875615056,0.049756524700583955,0.011374988813262581,0.6570039529763142,0.09191075436652742,0.4696047953852588,,,0.922493038779726,0.05851415154667431,0.7256020219442281,0.22086678865284368,0.9163974087222727,0.8284318162870322,deepfluoro/subject04/040
deepfluoro,subject04,041,branch_as_is,0.9597322966035097,0.5609556075357008,1.4587293962628372,0.8969355799650345,0.07662101596641159,0.8853466012575617,0.049701273460586295,0.01268721412508839,0.7409353654813117,0.06461841737966979,0.49633719015603106,,,0.924378997346865,0.07297227597792369,0.7598041675598929,0.1939122933660787,0.9079413675607382,0.8445395582910196,deepfluoro/subject04/041
deepfluoro,subject04,042,branch_as_is,0.9671903018088372,0.5351525418600886,1.507918255311915,0.8576105426575401,0.07264571800201018,0.8780511910776978,0.050212631061606006,0.01656622951399591,0.7865311080532175,0.044021964910816815,0.4911305769492718,,,0.9179108380726544,0.08477353589455636,0.7760999368123456,0.17669091645155863,0.8457280411735042,0.8001257556228769,deepfluoro/subject04/042
deepfluoro,subject04,043,branch_as_is,0.9748025693089931,0.5691041247948722,1.5331794795144027,0.7988256187238225,0.09370547722287483,0.8619890317432072,0.05217668547846292,0.019876172317841626,0.8191016025060166,0.06806547425846433,0.5010386505364078,,,0.9126277840637994,0.09842722446932214,0.7967321805844092,0.15447168250427457,0.7648788172787567,0.7371106446097598,deepfluoro/subject04/043
deepfluoro,subject04,044,branch_as_is,0.9798339577334549,0.6099176661750388,1.5621745866544188,0.7579430774862177,0.10282525496927351,0.8549036627034,0.05300373801866244,0.022198652518112916,0.8357776537853466,0.09578635186922645,0.5141313143058124,,,0.9123769339153285,0.10423180818159894,0.8095793282779193,0.13897378615514663,0.6905569592424834,0.6740584992566121,deepfluoro/subject04/044
deepfluoro,subject04,045,branch_as_is,0.9224291328929074,0.5359923606012247,1.0900710974447632,0.8791229889007731,0.06830578164451917,0.8797795579637223,0.05423822902010036,0.011711345468248393,0.6554459257393652,0.11239705976446437,0.42359530083676034,,,0.9024722291412222,0.05160518999622771,0.6683735678423107,0.2707318502237633,0.897627161721504,0.7766074379842256,deepfluoro/subject04/045
deepfluoro,subject04,046,branch_as_is,0.9604652656897289,0.5570987241531484,1.4703119089341863,0.8974614884670792,0.07540805762014643,0.8864189240091105,0.04926223433637398,0.01272386375839289,0.7433074521756202,0.06527147450532751,0.49182724964782093,,,0.9242911028637019,0.0732520222384821,0.7603532356903466,0.19317022495819755,0.9068419311583408,0.8446608677496146,deepfluoro/subject04/046
deepfluoro,subject04,047,branch_as_is,0.9228103852119888,0.5526785713142702,1.0818880162602131,0.7488664265380353,0.15649616961066612,0.8434303077323794,0.06055570134480851,0.01881191626002035,0.7282668034532616,0.13734297150327562,0.4153355998109946,,,0.9035586923537653,0.04929464994091616,0.6462500229718712,0.28809801653723666,0.9008819651740406,0.7721698719683905,deepfluoro/subject04/047
deepfluoro,subject05,000,branch_as_is,0.9311016338970676,0.6700267886123078,1.1073085984129065,0.7368541052048769,0.15330060239815851,0.8349034531462056,0.0564568124648947,0.01098423450966791,0.627146442948401,0.039133083068287736,0.63089370554402,,,0.8974022094775432,0.05161614238284964,0.7890075705917426,0.11642849237965634,0.8974925435890153,0.8006052815004967,deepfluoro/subject05/000
deepfluoro,subject05,001,branch_as_is,0.9220761497135507,0.6676905460413025,1.1132727417509911,0.8634843939871307,0.09438366420569602,0.8826781873078036,0.059618489219143415,0.023611941561621233,0.45926467413958516,0.03123042477255047,0.6364601212687521,,,0.9049134090253023,0.0815137986195012,0.7781648683726914,0.14881752147567257,0.9128004542488558,0.7481609020915184,deepfluoro/subject05/001
deepfluoro,subject05,002,branch_as_is,0.9459210644301647,0.6610794655844009,1.3373506010034055,0.8788510668307009,0.10479619174122445,0.883675307717012,0.05995849023224819,0.03083182578332381,0.6510012631513657,0.053733935915547336,0.6073455296688536,,,0.9120355418014298,0.08443935933963768,0.7712011176420461,0.1659832210771055,0.9152856275862182,0.675958398488997,deepfluoro/subject05/002
deepfluoro,subject05,003,branch_as_is,0.9592972297793508,0.6335753554756416,1.4994983651852662,0.8675240225494534,0.10369277923096427,0.8826835455225259,0.06227106435778463,0.03683086629948778,0.7815217757231773,0.06201119195002616,0.5715641635256155,,,0.9178388640690088,0.08557661088675889,0.7695149744180118,0.16881287246924728,0.893613006394572,0.6096691764601668,deepfluoro/subject05/003
deepfluoro,subject05,004,branch_as_is,0.9700601824302304,0.6511759843734745,1.594047035198602,0.8446894458586948,0.09568398467060082,0.8585115703869814,0.06268445277627334,0.03748415760227942,0.841404149677108,0.06298753492278175,0.5881884494506927,,,0.9274216451619584,0.07665064892280951,0.7689795273936131,0.16564445472095243,0.8674867971988555,0.552176628962143,deepfluoro/subject05/004
deepfluoro,subject05,005,branch_as_is,0.9361221756811744,0.6654127895757912,1.1015460566507165,0.6947525380284214,0.17692124537680812,0.8271253164791627,0.05469025766202872,0.01000851613303724,0.5891665797866933,0.05757657039118593,0.6078362191846053,,,0.908990377063407,0.04138910227485546,0.7697409803323518,0.12281237484810233,0.9094850389026643,0.8119159238118792,deepfluoro/subject05/005
deepfluoro,subject05,006,branch_as_is,0.9491791408473875,0.6202388309898502,1.2093296388014712,0.6830939868533783,0.1835748458905598,0.8267333095971761,0.04867624865101411,0.007146144330055193,0.5655291594357897,0.05872289850688234,0.5615159324829679,,,0.8968737834239381,0.03892384182248319,0.742202605943609,0.13967943973899516,0.8964333546296961,0.811080496870676,deepfluoro/subject05/006
deepfluoro,subject05,007,branch_as_is,0.947541451317113,0.6376446075687595,1.1959141829976452,0.6942602503848576,0.18185021067305465,0.827991294877756,0.048888024654718636,0.00778264961583617,0.5373917453800997,0.052807616040983565,0.5848369915277759,,,0.8970257967772616,0.03976328216955932,0.7112063564312175,0.15628000674898437,0.8964518683727456,0.8027935710429565,deepfluoro/subject05/007
deepfluoro,subject05,008,branch_as_is,0.9460017978756718,0.653515310407151,1.166854542907909,0.7054378030182594,0.19407496631161603,0.8363787543013237,0.047010981575173985,0.007076805656502852,0.5501062439851732,0.09054604484804248,0.5629692655591085,,,0.9016728689503762,0.04303550181269872,0.6694579192429564,0.1801596036671361,0.9008745711460241,0.7861730443100087,deepfluoro/subject05/008
deepfluoro,subject05,009,branch_as_is,0.9082749412479929,0.681385558771573,0.9746305455061631,0.699433840290485,0.17732084610938734,0.821867361538413,0.06508161510119613,0.013019151006730862,0.5887105846803985,0.026668262573775036,0.654717296197798,,,0.9038361602978625,0.05063261104503139,0.781807703519623,0.11887843092645024,0.9041304740258491,0.8082428011255266,deepfluoro/subject05/009
deepfluoro,subject05,010,branch_as_is,0.9093458249792074,0.6526680270347323,0.9409319764970857,0.6815582904466421,0.20271800118627425,0.8278541306582388,0.06315360998045287,0.010560609346836693,0.6170480917142711,0.06001452538266872,0.5926535016520635,,,0.9100178770671287,0.04637641187615749,0.7780161291255363,0.12119720861247621,0.9106859271303567,0.8270660492947123,deepfluoro/subject05/010
deepfluoro,subject05,011,branch_as_is,0.9264791746658106,0.6446116303067364,1.0387540674273512,0.7150890555685298,0.1678367255122181,0.8307604254137665,0.05821291534712023,0.009239551886106565,0.6241719291950016,0.03906639246563694,0.6055452378410995,,,0.8991413599611494,0.04714616523185496,0.7672854069167822,0.12510306155870732,0.8995360437523598,0.8203534604043635,deepfluoro/subject05/011
deepfluoro,subject05,012,branch_as_is,0.8944537610916277,0.670742212889433,0.8869748521325483,0.7006702793287282,0.1825247380845439,0.8226042165007146,0.06973016591080393,0.01430002145151394,0.5389577308980373,0.0245384429049731,0.6462037699844599,,,0.9040958353595603,0.051810062553073584,0.7740883877375568,0.12170293948488511,0.9045963265977762,0.817695734945638,deepfluoro/subject05/012
deepfluoro,subject05,013,branch_as_is,0.8964918290839234,0.6903186826388535,0.8945790536528925,0.7637698170466887,0.14841915702947192,0.8489620836540711,0.06712013008516618,0.017028689131577117,0.47364837841290175,0.032194483838638016,0.6581241988002156,,,0.9077037979774489,0.05642609760883193,0.7796596372063272,0.12065480697953604,0.9099193344940927,0.8208668618121105,deepfluoro/subject05/013
deepfluoro,subject05,014,branch_as_is,0.9215752322877265,0.6675664101051821,1.066612093744498,0.8698964035579677,0.10222586094372713,0.8894085101940796,0.06005159600958694,0.021841869722803532,0.5014057529503538,0.025132731055435804,0.6424336790497464,,,0.9136413681191135,0.07211221287464822,0.7658604986378877,0.14903197216371197,0.9195080850465747,0.7569224188684898,deepfluoro/subject05/014
deepfluoro,subject05,015,branch_as_is,0.9506050423013528,0.6238791825810326,1.3351826195079113,0.8849119702280595,0.11298280422035945,0.8902264606793628,0.059926367103666826,0.030153557110418498,0.6825079568249012,0.0508868853154946,0.572992297265538,,,0.9167849141375866,0.08972457170147276,0.7569115471976219,0.16970979629747,0.918599970208427,0.671188940182258,deepfluoro/subject05/015
deepfluoro,subject05,016,branch_as_is,0.9658075248492899,0.6184937575738538,1.5590364690196061,0.8606884991680477,0.10618073855489205,0.8807458029456607,0.062431962426085286,0.03562983610156286,0.8062892838636031,0.03828082600587102,0.5802129315679828,,,0.9207871300999468,0.08319826780576552,0.7578995241980556,0.16622790160650028,0.8818975615713158,0.6031907397981433,deepfluoro/subject05/016
deepfluoro,subject05,017,branch_as_is,0.9741146878417716,0.6385157952520591,1.6097153135855264,0.8509315155363572,0.09034112067965004,0.8591057283102594,0.06136487885690346,0.034329343692305454,0.8530130928521438,0.09287805518592378,0.5456377400661354,,,0.9321358073027959,0.07007890022962832,0.7612044083495387,0.16293590048008932,0.8726659321257846,0.5613551925836404,deepfluoro/subject05/017
deepfluoro,subject05,018,branch_as_is,0.9455604004074992,0.6507407926489046,1.160365198766618,0.7282038032580129,0.16323975665874838,0.8383974152428211,0.050435842644190695,0.007762537817433773,0.5877758985438991,0.04441356968744192,0.6063272229614627,,,0.9067324173324643,0.041133029461249054,0.7427667040146487,0.13300674291825254,0.9074556051947691,0.8144147988486479,deepfluoro/subject05/018
deepfluoro,subject05,019,branch_as_is,0.9442926025664518,0.6526494848489675,1.168193793385321,0.7288215477500589,0.15587991009980343,0.8380270828892484,0.05202043194360871,0.009744551596459016,0.530226461306061,0.023790814533874872,0.6288586703150926,,,0.9047607811965614,0.040495522739388126,0.7194284763931951,0.14731723243235323,0.9049485024011549,0.8127955863071767,deepfluoro/subject05/019
deepfluoro,subject05,020,branch_as_is,0.9134588834702754,0.6826207092905252,1.0040862585263244,0.6954272787924426,0.17726464889926075,0.8198454267584628,0.06343192053164022,0.01244776797164802,0.5883133721524159,0.026697306093712285,0.655923403196813,,,0.8991915075154624,0.050974938790039954,0.7836576335739495,0.11716485039748774,0.8994293327678249,0.8100646787142124,deepfluoro/subject05/020
deepfluoro,subject05,021,branch_as_is,0.9360604332782801,0.6502263605773263,1.1224512832849982,0.6604629306477808,0.2119535454438078,0.8228713845975779,0.055863761319623666,0.011880591527170274,0.5148240872459381,0.049582320400911754,0.6006440401764146,,,0.9024020316168339,0.041477223189904766,0.6975532264833233,0.1608979739280937,0.9023991699226597,0.8055183099797878,deepfluoro/subject05/021
deepfluoro,subject05,022,branch_as_is,0.9328924559077593,0.6762623045777277,1.1142076460595334,0.678100947967722,0.2129425032748291,0.8310892608603195,0.05526287013766711,0.011998020879147631,0.5528176421849024,0.0973042995777621,0.5789580049999656,,,0.9022249407318761,0.04482475143303926,0.6640223144213669,0.18092473372704565,0.9022032370293644,0.7960059583392433,deepfluoro/subject05/022
deepfluoro,subject05,023,branch_as_is,0.9391705981068388,0.6734686803886407,1.153282427793233,0.7124444844778829,0.2091800551109617,0.847092538019935,0.051028832961031355,0.009734839721548776,0.6177996275478507,0.08810313178441351,0.5853655486042272,,,0.9075808826845868,0.0516437527581754,0.6254256304101034,0.20416561616433998,0.9076945238392436,0.7882567747990178,deepfluoro/subject05/023
deepfluoro,subject05,024,branch_as_is,0.9484741329265161,0.6301297552853203,1.2507486761644304,0.78563984317468,0.15770589872460564,0.861034348339808,0.04784244280513225,0.008803807328139816,0.7047177978598098,0.10382161793398491,0.5263081373513354,,,0.9097100795010049,0.06539077039325406,0.5723166552345821,0.2336212178177974,0.9104190764521886,0.7775872937738509,deepfluoro/subject05/024
deepfluoro,subject05,025,branch_as_is,0.9300030520094504,0.660792635931614,1.0867546510635417,0.7837644572672852,0.13627569106560258,0.8621281725714939,0.058652360837450936,0.011596840035824271,0.6796608427749641,0.07028561086233209,0.5905070250692819,,,0.9219132852515892,0.051387646102846816,0.7787810582374094,0.13469715820443762,0.9228342346567182,0.7654142990881646,deepfluoro/subject05/025
deepfluoro,subject05,026,branch_as_is,0.9263476232083224,0.7051720764736225,1.0709996352341942,0.6815443985797418,0.1807499994697059,0.8185492551224216,0.05899194553822496,0.010735606792934532,0.5598523215831407,0.07245075893506797,0.6327213175385544,,,0.899542870820371,0.04543894314006307,0.7896496080538383,0.11309785829006026,0.899982237662193,0.8199948400833404,deepfluoro/subject05/026
deepfluoro,subject05,027,branch_as_is,0.9131041896515697,0.6974097188692618,0.9910139878965037,0.6643510435016169,0.19141284047207915,0.8019703199292381,0.06502644165227024,0.012413929659853254,0.5315894998742156,0.04473944287614959,0.6526702759931122,,,0.89840868939917,0.04915925042917058,0.7807755141739113,0.11576168045027871,0.8986361757728109,0.8146607280508962,deepfluoro/subject05/027
deepfluoro,subject05,028,branch_as_is,0.8957862776572673,0.6904743296785109,0.93333787556013,0.7777676977084697,0.1300858514153276,0.8481530594599607,0.06762868720297352,0.019832261278241357,0.3930890081050985,0.039333999578077775,0.651140330100433,,,0.9050346270892224,0.060896302687568876,0.7888788756418733,0.11992730966311399,0.9078891920599685,0.8051548640064267,deepfluoro/subject05/028
deepfluoro,subject05,029,branch_as_is,0.9387732109456608,0.6401304327207017,1.1276516551794082,0.6796905316077958,0.17922861226252584,0.8176123461178749,0.05540114656495297,0.009751545915352901,0.4921452688465475,0.021209966058553846,0.6189204666621478,,,0.8931920396338144,0.043320639739572155,0.7409251830507726,0.13689329875140743,0.893188308533875,0.8108653266534894,deepfluoro/subject05/029
deepfluoro,subject05,030,branch_as_is,0.9358189203086409,0.6470013846936697,1.1152714452821535,0.6984865712137602,0.1733405259725111,0.8262878323684193,0.05487896828050352,0.010788402898213116,0.5015709583190635,0.04520759520310073,0.601793789490569,,,0.8992137530155629,0.04013385342372705,0.7224650545950412,0.14816357628479285,0.8994894462078303,0.8088631749875851,deepfluoro/subject05/030
deepfluoro,subject05,031,branch_as_is,0.920161259568682,0.6917037510801263,1.05552370114728,0.682651299832529,0.18571859300474736,0.8220295747093972,0.058122828376043316,0.011418705291539743,0.5751019552694164,0.05646776239523351,0.6352359886848927,,,0.8985708457890708,0.04535827898650277,0.7959378828508451,0.11287767727280432,0.898941230385722,0.820612081726156,deepfluoro/subject05/031
deepfluoro,subject05,032,branch_as_is,0.9190390472875025,0.6705957683503155,1.0782345776737208,0.8730104637848158,0.1028682044377881,0.8899927462299599,0.06057673718592454,0.023558278727371335,0.45380564103951054,0.038552672973078274,0.6320430953772372,,,0.9108892919191138,0.08150836842428763,0.7715323378042569,0.15112747129800178,0.9184706889381343,0.7408292410105476,deepfluoro/subject05/032
deepfluoro,subject05,033,branch_as_is,0.9192098736686137,0.6908248870817079,1.0411048042749431,0.6838596029365721,0.1818080164704337,0.8191302698730455,0.06004102316202717,0.011721286069798442,0.5581010204999657,0.061594532543050015,0.6292303545386578,,,0.8996783511838874,0.04587964366661378,0.7936885004584161,0.11247639023124352,0.9000806269505407,0.8184374524731142,deepfluoro/subject05/033
deepfluoro,subject05,034,branch_as_is,0.9193656358648747,0.691554787879484,1.0375395638852423,0.6852872883438519,0.18952362381505616,0.824932022035652,0.057861100133156235,0.011066157987000919,0.5516410214799102,0.0645786271345317,0.6269761607449523,,,0.8995003549476719,0.04596768552855972,0.7921936982849701,0.11246541220369227,0.8999141605683055,0.8171403313932586,deepfluoro/subject05/034
deepfluoro,subject05,035,branch_as_is,0.9098729097021824,0.6853838039213648,0.9803585754494082,0.6631221258846249,0.1894024592995598,0.7980217387934841,0.06672155390423698,0.012751991534310753,0.5320090954516754,0.03545428381066727,0.6499295201106975,,,0.8971035079770413,0.050284071437020045,0.7814693725486123,0.11547927854025108,0.8974036301184811,0.8112891099618867,deepfluoro/subject05/035
deepfluoro,subject05,036,branch_as_is,0.9121773203021105,0.6936592075945587,0.9936274214333586,0.6738482730474067,0.18480882548573957,0.8083296155761703,0.06362066620152775,0.012107588654700645,0.5322531331878646,0.051848542916462875,0.6418106646780958,,,0.8977513912906999,0.04740259337237177,0.7854137354434736,0.11535757491803718,0.8979714190228942,0.8147854334472064,deepfluoro/subject05/036
deepfluoro,subject05,037,branch_as_is,0.886889142487719,0.717074089017135,0.8871408079307176,0.671350518420861,0.19450257500351656,0.8034468881918572,0.07025046850370978,0.01605003317025402,0.434693305535143,0.030405413426150503,0.6866686755909844,,,0.8999187727286417,0.05345386827787322,0.7903698431150356,0.11236370431049135,0.901153847119748,0.8141923958106158,deepfluoro/subject05/037
deepfluoro,subject05,038,branch_as_is,0.8949123577382669,0.6987594178020242,0.9341115956947146,0.8219684681766367,0.10467955016301574,0.868621676803825,0.06088579413365282,0.01803392946995002,0.39120849372074684,0.039436979406182994,0.6593224383958413,,,0.9045417520544669,0.058544891590123486,0.7937875111158306,0.11939142679848465,0.9070052191724238,0.8098953300574595,deepfluoro/subject05/038
deepfluoro,subject05,039,branch_as_is,0.9458852363111202,0.5698090385351327,1.2352588261590576,0.8371353180366604,0.11377338152547044,0.8380612436511939,0.05642468652408313,0.018727659095032632,0.822503333930965,0.03020057368504419,0.5396084648500885,,,0.8833635161369857,0.0927804938821569,0.7264296809697592,0.163289208545051,0.8895594045460847,0.6737143438411014,deepfluoro/subject05/039
deepfluoro,subject05,040,branch_as_is,0.9671925517938282,0.5573805666529272,1.4543494343911498,0.8437599788372763,0.12192585029593761,0.8353104253421203,0.05635500131298622,0.02390356233112698,0.8880160318201233,0.08929288762031094,0.4680876790326163,,,0.8955011120391682,0.098054291831122,0.7400125752242108,0.17656328942312063,0.8928156887717678,0.5987868706953112,deepfluoro/subject05/040
deepfluoro,subject05,041,branch_as_is,0.9777717556223727,0.5981181533703868,1.5970363517842918,0.8244386076698077,0.09878988452877369,0.7688767249609847,0.05387672108996121,0.02568768187837513,0.91018597485586,0.14677445142210843,0.45134370194827833,,,0.9098647576969848,0.08776812757978794,0.7588623606779953,0.16753268812157854,0.8328194182119831,0.530836621848938,deepfluoro/subject05/041
deepfluoro,subject05,042,branch_as_is,0.9348038216386976,0.5855846056308476,1.1497042311632044,0.851515242260891,0.12463442689292677,0.8566212163548164,0.057652071806848,0.01982819526396775,0.8367019481923234,0.032533868213795294,0.5530507374170522,,,0.8850660427516388,0.10820636299386972,0.7502321253168444,0.1704031527017687,0.8948310784163408,0.6956737007839829,deepfluoro/subject05/042
deepfluoro,subject05,043,branch_as_is,0.8856848045534512,0.5641330807310135,0.8673935098806846,0.8367653606525169,0.08715483468705199,0.8446220457232375,0.05954869213769632,0.016731704211896122,0.6834051024496567,0.04777683938769923,0.5163562413433143,,,0.8863831986279173,0.06503335895176275,0.7575044968406562,0.11992182338632851,0.8892227625309517,0.7702402592957921,deepfluoro/subject05/043
deepfluoro,subject05,044,branch_as_is,0.9363303003527222,0.5889645094869024,1.1639592392848228,0.8555714717506497,0.10883358120672919,0.8583560386296479,0.0547610081251632,0.01872637440971776,0.8290723693707551,0.032374956172952274,0.5565895533139501,,,0.8840834841986612,0.10341220560504842,0.752735537672798,0.16539100225997377,0.8930936007775918,0.7018864376986703,deepfluoro/subject05/044
deepfluoro,subject05,045,branch_as_is,0.9622561523974853,0.5615238150029495,1.4132587846830607,0.8545043231534155,0.11807443788385757,0.8405374979693389,0.054782638073520386,0.023989605408884725,0.8865677989637646,0.06462056269481707,0.49690325230813237,,,0.8888743883583096,0.11007979199734018,0.7590050868199748,0.18118046188394119,0.8901404006763631,0.6287499049420497,deepfluoro/subject05/045
deepfluoro,subject05,046,branch_as_is,0.9746356902211014,0.5629067330422937,1.5303638029008293,0.8395357594666565,0.11427989717045507,0.7763853831912846,0.054060542206553895,0.025985603847558467,0.9101676677603708,0.12467939063029067,0.438227342412003,,,0.9022021411424217,0.10049316092572626,0.7758348100701115,0.17723981360142216,0.847760669294906,0.5703161658399506,deepfluoro/subject05/046
deepfluoro,subject05,047,branch_as_is,0.926535958731353,0.5505001057186981,1.1503699531051264,0.8607659221592157,0.10292382720656959,0.8667866947414611,0.055583592720373574,0.015483531659505077,0.8053004594819823,0.028426479586757356,0.5220736261319407,,,0.8892208609106393,0.09219550197125582,0.7484319527649064,0.15954018733986722,0.8979839205150821,0.7216523361467788,deepfluoro/subject05/047
deepfluoro,subject05,048,branch_as_is,0.9285730222268835,0.5209367584908129,1.0963296228403114,0.8485134631900548,0.10808141669148368,0.8516400167527687,0.05988895664771958,0.022641887213998086,0.837700487931999,-0.0014293091371666712,0.5223660676279795,,,0.8861029870843292,0.09330829740809171,0.7389467988497426,0.14800950716703762,0.8941300730702084,0.7207764427950305,deepfluoro/subject05/048
deepfluoro,subject05,049,branch_as_is,0.9333462633297487,0.5224400161981588,1.1098306354713248,0.8456584344192908,0.114969625918678,0.8451258329910728,0.06265112476918552,0.024848555477182947,0.8568584904795693,-0.0032656158153541517,0.525705632013513,,,0.888612564890828,0.09519125785354608,0.7354134866735941,0.1504230827023002,0.8952833842465938,0.7116986923535389,deepfluoro/subject05/049
deepfluoro,subject05,050,branch_as_is,0.8866609608765481,0.5275366954284866,0.874159383990291,0.8384311814538459,0.08459532255097825,0.8412548552151103,0.0639383769466237,0.019906635107088212,0.7474922298868351,0.00935953881369217,0.5181771566147944,,,0.8887295661260536,0.06211831869764886,0.7279557548742276,0.12747743745604734,0.8891121723928048,0.7596043688259545,deepfluoro/subject05/050
deepfluoro,subject05,051,branch_as_is,0.9352408202024233,0.5182808043396882,1.1144627686964133,0.8462513039703298,0.1161159606264298,0.844578110349357,0.061893903543363715,0.02439145069201702,0.8586562458266905,-0.0020173085752374933,0.5202981129149257,,,0.8869508191170927,0.09870953977261067,0.7350790827617542,0.15390162340602948,0.8948823248313666,0.7067470283277815,deepfluoro/subject05/051
deepfluoro,subject05,052,branch_as_is,0.9747592846526185,0.5545830466192035,1.4787749723483294,0.8440673180801457,0.10440471246758876,0.7487555684773269,0.05662868640444588,0.02619395289358099,0.9230402165089721,0.08847580565323894,0.4661072409659646,,,0.911402493745678,0.09261754717625727,0.7635792794625449,0.16511674090218292,0.8532580045840518,0.5795873361176054,deepfluoro/subject05/052
deepfluoro,subject05,053,branch_as_is,0.9361683417041776,0.5756897338729116,1.1351988936787607,0.842201251748219,0.13004232839818833,0.8423820221905967,0.06192014484386261,0.024897277479950734,0.8452417162084237,0.025359218340721353,0.5503305155321903,,,0.8846425546958565,0.10808044131339424,0.7480708733646028,0.16510233325601748,0.894489858780263,0.692091527209244,deepfluoro/subject05/053
deepfluoro,subject05,054,branch_as_is,0.9803808434846218,0.5484455322166144,1.5798290614861505,0.8309630841171479,0.08994209474065863,0.729311930166452,0.05185329348413317,0.025082230405842156,0.9369824105666689,0.17941786769551873,0.3690276645210957,,,0.9174151023769879,0.08844230661489089,0.7923988642524271,0.16779586362056434,0.8138434482723779,0.49840968320036055,deepfluoro/subject05/054
deepfluoro,subject06,000,branch_as_is,0.9782965835409433,0.5902602902074371,1.7838948696385977,0.8942765680250246,0.058925283172572146,0.6629682435768912,0.05517230101272669,0.038653501415521485,0.9309913138050764,0.22686263930646025,0.36339765090097687,,,0.9469965046563602,0.045365017332678274,0.831917564993353,0.16310797341930625,0.9119324385939701,0.8632535873631786,deepfluoro/subject06/000
deepfluoro,subject06,001,branch_as_is,0.9703362722085358,0.6189566390433042,1.8858913110680637,0.8916010268628638,0.07001436119102329,0.7982266925274115,0.054218879918746396,0.03781318700332413,0.9140095903282107,0.18481609121307493,0.43414054783022926,,,0.9447380664449564,0.05030109411251278,0.7982648624794753,0.18953922555918404,0.9116776747233329,0.8489572038351211,deepfluoro/subject06/001
deepfluoro,subject06,002,branch_as_is,0.9657895706831452,0.5957170209699071,1.7593027625462936,0.8885029339197488,0.07129669922093028,0.8689997755089388,0.05270095683823991,0.030074280968344812,0.9044340655909036,0.18119872478871404,0.41451829618119307,,,0.9398526168078202,0.052992580516417476,0.7711783812800374,0.20147724808335535,0.9090047526721187,0.838132976982903,deepfluoro/subject06/002
deepfluoro,subject06,003,branch_as_is,0.9678714362407717,0.7057999563896205,1.6487054997565727,0.9099039200584909,0.08353013652269717,0.9200956039669466,0.0430909895604093,0.016517555859632493,0.8656062426697256,0.13555164966666647,0.570248306722954,,,0.9478728473413809,0.06453266597569231,0.7452795609412843,0.23217290571177612,0.9320183771474454,0.8458626134067893,deepfluoro/subject06/003
deepfluoro,subject06,004,branch_as_is,0.9691381521543718,0.7598612564204104,1.5010749786642026,0.9151279257251818,0.10586012987505529,0.934557622686179,0.03700720626142567,0.009280316461878897,0.777805855233881,0.15755203341538648,0.6023092230050239,,,0.9410276618388941,0.0907648612617166,0.6713734129707232,0.27766825178380067,0.9338543806966673,0.8260231704233152,deepfluoro/subject06/004
deepfluoro,subject06,005,branch_as_is,0.9749856334152426,0.7878271779368775,1.6546945324937976,0.8823256723792652,0.10888002332548447,0.9279549075354975,0.04123879003094343,0.008839258775550564,0.9382855159286948,0.3630241856575015,0.424802992279376,,,0.9337725935481681,0.09217275104671671,0.6603023255455964,0.2698687908004028,0.9147118417637631,0.8168434273796358,deepfluoro/subject06/005
deepfluoro,subject06,006,branch_as_is,0.9693565594961534,0.7911552483424155,1.4393040253350173,0.8626041472035584,0.17188038578636428,0.9258716499404772,0.040277409163507236,0.007889400820488831,0.7489922107593179,0.1959936436085206,0.5951616047338949,,,0.9258148576593729,0.11456902320054187,0.599709295623897,0.3075849146869611,0.9223743551129077,0.7998836536449215,deepfluoro/subject06/006
deepfluoro,subject06,007,branch_as_is,0.9687952511707179,0.8017784901888504,1.377449941408186,0.8255618205804973,0.2098725942597258,0.920982176266569,0.04263018393966699,0.007361545032739939,0.6946514878360235,0.2077579904377278,0.5940204997511226,,,0.9113219543790702,0.13307301986955877,0.531751608025333,0.3332834813729323,0.9166230642717315,0.7865053238561432,deepfluoro/subject06/007
deepfluoro,subject06,008,branch_as_is,0.9760966996723406,0.6247089817998893,1.804601653734622,0.9065444896281638,0.05877014713888106,0.7444436952931979,0.054090875579896225,0.034786966623209084,0.924067559935719,0.20216389730918816,0.42254508449070116,,,0.9535898214981859,0.04249755384630161,0.8222276181151347,0.1719124878375413,0.8338169524321768,0.7793249217275038,deepfluoro/subject06/008
deepfluoro,subject06,009,branch_as_is,0.972506808846121,0.6187416983592692,1.8781530569091902,0.8931641146022276,0.06378174808061476,0.7417566049279198,0.055579439991738706,0.040634035124671945,0.9115331417090415,0.17423174529711966,0.4445099530621495,,,0.9458141544963167,0.047533836133145005,0.832670406914938,0.17312833156059004,0.9130323034492674,0.8584506993474104,deepfluoro/subject06/009
deepfluoro,subject06,010,branch_as_is,0.9678000515584508,0.7873796177955222,1.5319564875326808,0.924605368543371,0.06680847151827571,0.9312142824230352,0.04117008037441047,0.013295857998123379,0.6893892298025425,0.0960719351753912,0.691307682620131,,,0.9502447788178302,0.04680927619554659,0.7839162999070445,0.20542092116073543,0.9458802816067181,0.8773961386337696,deepfluoro/subject06/010
deepfluoro,subject06,011,branch_as_is,0.980611855598315,0.7605488875321167,1.9835934188532525,0.9100451317202222,0.05804329096806374,0.7915607337352861,0.04674422282787936,0.03385884183869133,0.8690044187998525,0.21291269415210934,0.5476361933800074,,,0.9542076374632302,0.03988756973710371,0.7944539387584977,0.17850541395979586,0.929768870665826,0.8615937592013748,deepfluoro/subject06/011
deepfluoro,subject06,012,branch_as_is,0.9596084950282513,0.7623316774861532,1.2855092700990813,0.7485011566354988,0.16974009786441493,0.8811098370973852,0.060160260567019536,0.01426336202696703,0.9156182498619055,0.3866424078237474,0.37568926966240573,,,0.9403185958144199,0.07072818308858357,0.7856679114815838,0.23335365988572762,0.9302452310086142,0.8482386467615506,deepfluoro/subject06/012
deepfluoro,subject06,013,branch_as_is,0.985673180894686,0.7501669977425816,1.9173700008996277,0.9236090361956562,0.05270878005060081,0.9327495225841959,0.02936450691184916,0.008169718170747436,0.9466525680152302,0.3277474173941354,0.4224195803484462,,,0.9541613376638345,0.03357547883353502,0.7700277631045878,0.1936900310407403,0.9489318691104078,0.8896751739344443,deepfluoro/subject06/013
deepfluoro,subject06,014,branch_as_is,0.9797138965762072,0.7711479383151311,1.7605395726015094,0.7581045531933476,0.19114011196336317,0.9144518665421598,0.03841363659543845,0.011075695732358237,0.9345520960669307,0.36645551370038193,0.40469242461474914,,,0.9381338944807291,0.08209463816126442,0.6774344659733875,0.2658799587700202,0.9264873302008498,0.8339371465361093,deepfluoro/subject06/014
deepfluoro,subject06,015,branch_as_is,0.9608468284780953,0.7602304979713933,1.3129557873499542,0.7327103296664021,0.1763684108090398,0.874876749980222,0.060192435497502035,0.014969079860510793,0.9152431792934297,0.3619146624220204,0.3983158355493729,,,0.9379889901245076,0.07659826921106515,0.7737418043820362,0.2421444966653803,0.9260426251767833,0.8408820681903248,deepfluoro/subject06/015
deepfluoro,subject06,016,branch_as_is,0.9689051504786054,0.8293040541235898,1.461317674824155,0.8793094250822444,0.12332863123374391,0.9284627983790243,0.045088083434963,0.009922573209806065,0.6515993454547344,0.11797426451972516,0.7113297896038646,,,0.9446190321116256,0.08365613009352219,0.7092777210374009,0.25755551504658825,0.9316364750766594,0.8348350030478261,deepfluoro/subject06/016
deepfluoro,subject06,017,branch_as_is,0.975433243232883,0.8077217226529124,1.8360625761272003,0.9281440534853012,0.05839073835013708,0.9194990499517026,0.044731064309974734,0.02156130939850844,0.7785784008513627,0.07675422388549043,0.730967498767422,,,0.9608962136379172,0.03771343552673948,0.7608722351793583,0.19863070899256466,0.9519959278045973,0.8824484526588325,deepfluoro/subject06/017
deepfluoro,subject06,018,branch_as_is,0.968251685514115,0.8357233494983467,1.504954923520549,0.9180680567302225,0.08108613059744293,0.9372791711424922,0.04225512097370774,0.008819262225501721,0.6324866133010952,0.09136511281136744,0.7443582366869792,,,0.9492110061489817,0.06911699081877201,0.7143414255305799,0.2462731668839913,0.9422107646175683,0.8554100850588979,deepfluoro/subject06/018
deepfluoro,subject06,019,branch_as_is,0.9726723953895022,0.552027718471894,1.766733125813869,0.8814686708260849,0.06391283813067287,0.716782868246973,0.05823508772468931,0.0391091962754993,0.93039571673451,0.21459648819649033,0.33743123027540367,,,0.9377868318506336,0.05033624117504846,0.8065133678009768,0.17900625139601078,0.9004791205899939,0.8435742549969018,deepfluoro/subject06/019
deepfluoro,subject06,020,branch_as_is,0.905208897003102,0.6301760479550935,1.0414200077731754,0.8299479433935988,0.1011893952696666,0.8450273517380616,0.07219473203766948,0.025813520119270003,0.8144257464227818,0.15097183713661497,0.4792042108184785,,,0.9125185549629953,0.05272126302935447,0.8130150175088453,0.1721422167796253,0.91123767996486,0.8684738832828092,deepfluoro/subject06/020
deepfluoro,subject06,021,branch_as_is,0.9127046991986597,0.5892319331386052,0.9443864963564377,0.6482888751054522,0.18184942416574898,0.737181579313538,0.0783382595542896,0.013216938947206198,0.6888270529234708,0.0392265161283682,0.550005417010237,,,0.8781211706771297,0.05072106505243983,0.7401838926250454,0.20168271694007506,0.8772321038071336,0.8222362577783936,deepfluoro/subject06/021
deepfluoro,subject06,022,branch_as_is,0.9140443810809696,0.591731119973041,0.9501566329891469,0.6471647074199961,0.18251860630742903,0.7382347640974685,0.07842809419514274,0.013181579598743729,0.6915362865508576,0.0403635056372227,0.5513676143358183,,,0.8797216039502602,0.05068257214235129,0.7405125153789114,0.20256325571255357,0.8787375598053266,0.8234895239833662,deepfluoro/subject06/022
deepfluoro,subject06,023,branch_as_is,0.909214463824796,0.5614951930217394,0.9369610321519758,0.6493016576503197,0.22540669651372974,0.7954805233466128,0.06307556944644815,0.010297588745545094,0.6874588001178172,0.025691924435476788,0.5358032685862627,,,0.8781347688220117,0.05171454616077579,0.7400084801411251,0.2035618404654386,0.8770191028715476,0.8207059652459677,deepfluoro/subject06/023
ljubljana,subject01,frontal,branch_as_is,0.8537204644376302,0.7423928015620405,0.08089201946569899,0.3646428512338277,0.09670069160105346,0.5623615018110196,0.04521970495577476,0.028338332405108926,0.11723527902155977,0.14238671087240115,0.6000060906896393,0.8803414065261659,0.7335611855489365,0.8604250220945342,0.0935250407488594,0.8951527717417497,0.08181897483374481,0.36738950299647916,0.44920771402996074,ljubljana/subject01/frontal
ljubljana,subject01,lateral,branch_as_is,0.8897191732354788,0.7266737453867287,0.0849982662280829,0.24142911697928615,0.12734834809108447,0.6285506558584705,0.05172075347731267,0.026174508228172317,0.12532824084718586,0.16792528042768157,0.5587484649590471,0.9047558392818495,0.7025279804130005,0.8319606362283065,0.09278719829548669,0.8816223812441955,0.08024625139657751,0.27121865876260004,0.36414876771660065,ljubljana/subject01/lateral
ljubljana,subject02,frontal,branch_as_is,0.8150619672791847,0.7920436846616428,0.054418346665344966,0.37220668362064147,0.09745698298755072,0.5441392702470145,0.04923422128348248,0.03211608870799262,0.14712296279368248,0.18824637702256505,0.6037973076390777,0.8536616059015583,0.7978164209838146,0.8555729433038484,0.09299679967860308,0.897945469878732,0.08340832306760573,0.37522250617697755,0.4626621600608369,ljubljana/subject02/frontal
ljubljana,subject02,lateral,branch_as_is,0.8318654172956041,0.6907056592705758,0.048122468877753045,0.12231561384327548,0.0892178787686199,0.7446548618533727,0.03827175193130121,0.017986386904001127,0.17696701072485085,0.19651109301658617,0.4941945662539896,0.8481830720720395,0.6718633552971706,0.8335272865520026,0.06742549309156246,0.848329122570209,0.0993086262899819,0.15154185508920714,0.28360411378555533,ljubljana/subject02/lateral
ljubljana,subject03,frontal,branch_as_is,0.8273353440649985,0.7772843731535828,0.0761856840371934,0.2754441751883404,0.08998436634992207,0.6656748656254566,0.04484306403164118,0.022677546445036847,0.1109418289870461,0.14602141044427328,0.6312629627093095,0.8429085315121388,0.7798433126339444,0.8405119469374638,0.0876231939459422,0.8891720051625721,0.0910418344320109,0.2786335589242834,0.3998424299038341,ljubljana/subject03/frontal
ljubljana,subject03,lateral,branch_as_is,0.848376037264985,0.7000540580579362,0.07726277137963158,0.12788662688303917,0.10489828266083982,0.7152051511169006,0.04648436684052166,0.024433332696784917,0.13774026493254934,0.16426686850491867,0.5357871895530175,0.8777810996406339,0.7182480239431581,0.8373165966146614,0.07202473222924591,0.8661966876635799,0.09391161163815857,0.18125589778625834,0.33034693859470954,ljubljana/subject03/lateral
ljubljana,subject04,frontal,branch_as_is,0.800021098948403,0.7790588605214416,0.04393538528437194,0.26681703875931856,0.09256809405809541,0.67989969342832,0.04842892624658438,0.02709031926394082,0.14466018170073636,0.16677433159006236,0.6122845289313792,0.8206247391254021,0.759102989167166,0.886351765495579,0.08919673338012335,0.9058291673281342,0.09127787619409677,0.27162829422246676,0.337654287562045,ljubljana/subject04/frontal
ljubljana,subject04,lateral,branch_as_is,0.8838694341401017,0.7723037330335828,0.05101581978151152,0.1012403193853269,0.1205840088222275,0.7599572146444672,0.04520199654992518,0.021070579995791542,0.2388264123494916,0.23026421877601033,0.5420395142575725,0.8897411160278319,0.7496406928773219,0.7793580571594909,0.11469156185763078,0.8240260498439396,0.11313198641692647,0.10546480755870734,0.2514530192287588,ljubljana/subject04/lateral
ljubljana,subject05,frontal,branch_as_is,0.8151471553815884,0.7315804900003235,0.05514418135698021,0.41107470676693236,0.08334935930219722,0.5223635467459689,0.04268335762012852,0.026010184398948376,0.17618466510417846,0.18670552504048624,0.5448749649598373,0.8341966287800247,0.6940167514156466,0.8521406968795939,0.08093484079162305,0.8783564951582623,0.09396256918955466,0.41312473852782106,0.5163294572429358,ljubljana/subject05/frontal
ljubljana,subject05,lateral,branch_as_is,0.7982346233139974,0.6724173797799892,0.06523858363043498,0.21644419550556976,0.0736556740566793,0.728611513856028,0.033300039119975325,0.01962374682263929,0.14897083677669606,0.1090330784230225,0.5633843013569667,0.8565929049248924,0.6675940614157221,0.925654316932747,0.05363529707894823,0.8264362806329418,0.11606961222186284,0.24448214105592928,0.32769265213031684,ljubljana/subject05/lateral
ljubljana,subject06,frontal,branch_as_is,0.9277544591260511,0.8718609515745946,0.14669075594799533,0.03631981597895241,0.11705744675404646,0.9170010782013404,0.029091574405793127,0.005999140684371576,0.1872579881890292,0.23500663555827922,0.6368543160163154,0.9268058032956689,0.8698168083178968,0.8956202716903491,0.15814591893946067,0.8105810280302546,0.13520123222740432,0.019710871522305537,0.1961379157474204,ljubljana/subject06/frontal
ljubljana,subject06,lateral,branch_as_is,0.8206392675849429,0.6134793071439114,0.09663579531305722,0.006253386468621414,0.458380623286267,0.8853802423874579,0.023059595806393815,0.005154806570877019,0.10133141524425911,0.14711982311553282,0.46635948402837857,0.8197172253459555,0.6076613303786844,0.7537839816649824,0.44836089990876954,0.6152358142667939,0.402081559547098,0.0069284168490375605,0.08741070717075027,ljubljana/subject06/lateral
ljubljana,subject07,frontal,branch_as_is,0.7645938603814049,0.6751497318601903,0.08127987360925348,0.3716281338572383,0.09537848600157757,0.5303417518966059,0.05373706927177961,0.03164390764625163,0.16776681336409316,0.17375242476680852,0.5013973070933818,0.7846938719483106,0.6495378620598558,0.8928489551129845,0.07528129302085396,0.891388270331984,0.09244071208973219,0.38632463889292606,0.48750010615788403,ljubljana/subject07/frontal
ljubljana,subject07,lateral,branch_as_is,0.9256812916517503,0.7212531792667078,0.11560949243197996,0.21397125826742686,0.1049522634445083,0.724057672833105,0.036295183749409585,0.017349834450741956,0.3704194936624942,0.17679318620050274,0.5444599930662051,0.9385846033295436,0.7152795141770805,0.8944285093595927,0.0778430249727719,0.8818550847327484,0.0939534603688425,0.2470435391169512,0.34602287053918823,ljubljana/subject07/lateral
ljubljana,subject08,frontal,branch_as_is,0.8092161736529511,0.7596285410029522,0.0875415640372347,0.26573391184486755,0.11400315570918451,0.6261079268919013,0.0576997163046206,0.0318596603361432,0.18502133035934346,0.19658456313223333,0.5630439778707188,0.8263533384618192,0.7621762523749744,0.845653739011446,0.10934539782545379,0.8655820355972722,0.09516938334891276,0.26915434723563514,0.3740301111075483,ljubljana/subject08/frontal
ljubljana,subject08,lateral,branch_as_is,0.8162496522226265,0.7049520235807704,0.08455624123419775,0.13717496472284524,0.12489106893714844,0.6506271650708412,0.05739075783393241,0.03137777189593836,0.12175395301766505,0.16183784000290088,0.5431141835778694,0.8598261183080497,0.7532710469667756,0.7385624464170888,0.12039036097013862,0.7919152711975932,0.09318597380285419,0.13966971880684464,0.2759442651969789,ljubljana/subject08/lateral
ljubljana,subject09,frontal,branch_as_is,0.7744169991807534,0.7454757441731015,0.05930707181211087,0.4496372615658115,0.09047679166383236,0.4950216619613844,0.051743642005719445,0.031147313777161855,0.10538730704208803,0.09069886740896818,0.6547768767641333,0.7981034407045028,0.7147212993599862,0.8776987810541933,0.08886371932640671,0.8811222922741815,0.09458260070365458,0.4508950192766077,0.5264734549992288,ljubljana/subject09/frontal
ljubljana,subject09,lateral,branch_as_is,0.8524115377088088,0.7217559364526787,0.08183894265181474,0.10710659366609913,0.12392842436559297,0.7087596524703998,0.05188585401675186,0.028686377427743062,0.0970260606328055,0.10148220781373844,0.6202737286389403,0.8626135727391302,0.7111522457135898,0.7966770489670865,0.08575740251649876,0.8202256895101324,0.11368644850879013,0.14526376193139942,0.3236092128499352,ljubljana/subject09/lateral
ljubljana,subject10,frontal,branch_as_is,0.9114457295627423,0.8800074596554994,0.06987800714911663,0.011545645146304963,0.12239140631012953,0.9507483297282444,0.021631853330912155,0.007730217115352215,0.03318857385551908,0.09335475963685937,0.7866527000186401,0.9128487291782234,0.8774502864364401,0.9053578501252443,0.1530730973872538,0.8962316965314886,0.15100527842586492,0.007443129831370383,0.07587493391525695,ljubljana/subject10/frontal
ljubljana,subject10,lateral,branch_as_is,0.8902307410956902,0.7175386925893599,0.07851380041960884,0.001816351621821545,0.46286684064061373,0.8836728157892738,0.024905689379724743,0.009882332010919995,0.01953924688226428,0.06743229268889571,0.6501063999004641,0.8970805531504078,0.714150986374567,0.6853350109015766,0.5133968878841678,0.6535147570865267,0.484108120156072,0.0019509846588889202,0.052250803047570314,ljubljana/subject10/lateral
