dataset,subject,view,variant,ncc,gradient_ncc,mi_nats,proxy_ssim_raw,proxy_rmse_raw,shape_ssim,shape_rmse,shape_wasserstein,misposed_ncc,misposed_gradient_ncc,gradient_ncc_gap,vessel_roi_ncc,vessel_roi_gradient_ncc,fluoro_default_ssim,fluoro_default_rmse,fluoro_subject_window_ssim,fluoro_subject_window_rmse,xray_default_ssim,xray_subject_window_ssim,column_shift_px,directory
deepfluoro,subject01,000,branch_as_is,0.9174233805245844,0.6834532991234094,0.9299315576302404,0.6482417037041538,0.23240711493308672,0.8062453742358855,0.061053054794009604,0.01362439111689498,0.5353634759947807,0.025929608737584747,0.6575236903858246,,,0.9100764265661087,0.048477770620815375,0.6950535067706608,0.16823537645391995,0.9096063543069149,0.6565218528287441,0,deepfluoro/subject01/000
deepfluoro,subject01,001,branch_as_is,0.9303143173335772,0.6834734810604329,0.9899158054063555,0.6308372165596254,0.2376115496689748,0.804292071770624,0.05693402128677871,0.01226888628066268,0.4563686765724991,0.05208090609183816,0.6313925749685948,,,0.9005857898922492,0.05364662999133362,0.7027600382398085,0.16533510261841214,0.8994835682727287,0.660981887226563,0,deepfluoro/subject01/001
deepfluoro,subject01,002,branch_as_is,0.9782958722198624,0.7277037854964772,2.041169127195727,0.9143221406284592,0.04246440882351209,0.9104762551053688,0.03633906843189462,0.02286495945223367,0.8812226416048317,0.14035230381002411,0.5873514816864531,,,0.9447237175565892,0.024961679115026666,0.6648704263442219,0.22432879608541606,0.9404003437261812,0.5098516551948027,0,deepfluoro/subject01/002
deepfluoro,subject01,004,branch_as_is,0.9678049456856197,0.7371083505054735,1.8095511208203967,0.8623270056100542,0.10564276344494601,0.8974639580759508,0.04290092370435494,0.02624141893982273,0.8453903909341876,0.1439715077186426,0.5931368427868309,,,0.9431474209880358,0.032904689287713465,0.7026371206260763,0.22306402404205672,0.9427107185626125,0.5061138853620818,0,deepfluoro/subject01/004
deepfluoro,subject01,005,branch_as_is,0.9778823110539137,0.7267723356253296,2.0039958208958994,0.9170097165461503,0.04249637223142551,0.914882096374419,0.03611540373178326,0.02266761159138477,0.8772338637475171,0.14344403736635983,0.5833282982589698,,,0.9464827821019809,0.024414962514945484,0.6686671740256136,0.22666718796083726,0.9436349490550078,0.5099969677228402,0,deepfluoro/subject01/005
deepfluoro,subject01,006,branch_as_is,0.9735680092637071,0.7388327418445534,1.8986109381551979,0.9096608794238726,0.05849371584812441,0.9166159283472116,0.03799388037068791,0.024012198332552363,0.8592147868697267,0.15913366223921196,0.5796990796053414,,,0.9451832289662417,0.028243459983683973,0.6883169769446141,0.2240108045068001,0.9449556567969697,0.5099613523025812,0,deepfluoro/subject01/006
deepfluoro,subject01,007,branch_as_is,0.9667977488622194,0.7162298432067243,1.7319427797931553,0.8507904598463676,0.09769039604645151,0.8799045712937347,0.04347692426817468,0.026286526287834757,0.8073122480093398,0.16878739508519489,0.5474424481215294,,,0.9370300600691468,0.02657155993367102,0.6949350345827409,0.23479452997536113,0.9372214361178948,0.512207849705173,0,deepfluoro/subject01/007
deepfluoro,subject01,008,branch_as_is,0.9576119230720407,0.7014579419489962,1.5106988473683163,0.8114393983313977,0.12297630690527923,0.8515792679481994,0.04611211009196494,0.0231097504952135,0.7441809773122375,0.15501912440129065,0.5464388175477056,,,0.9246536274095035,0.03044682914880192,0.6873576537427668,0.24291991105392738,0.9250728227976102,0.5068527649285263,0,deepfluoro/subject01/008
deepfluoro,subject01,009,branch_as_is,0.9012317419250001,0.6502501908245493,0.9508463507467888,0.812682242249125,0.11363093687074924,0.8461852011793958,0.06169275551144315,0.020035144610044943,0.6368210254337694,0.061603058636156754,0.5886471321883925,,,0.9122176786760255,0.04221495336861189,0.6941849974291094,0.2384009808037453,0.913102807124808,0.5452515721827774,0,deepfluoro/subject01/009
deepfluoro,subject01,010,branch_as_is,0.9440264215203283,0.68113728834417,1.2274147026510924,0.7581947976460417,0.1616255204510236,0.8361858044679595,0.04996799348909496,0.018197564684336334,0.6527650451984647,0.10221161237221206,0.5789256759719579,,,0.9171998482981392,0.03513369788651271,0.6952458702122509,0.2391094909863179,0.9172701172380483,0.5286551023552005,0,deepfluoro/subject01/010
deepfluoro,subject01,011,branch_as_is,0.9346823899045305,0.6878618100263472,1.0340009888790225,0.6806887641960795,0.21226680901142106,0.8206110609765477,0.05314679685391355,0.010365333127033327,0.5490354862989096,0.08403838377636481,0.6038234262499823,,,0.9116218663997803,0.039614757779900145,0.7011139491609001,0.2314092257071891,0.9114188712410626,0.5570356839695706,0,deepfluoro/subject01/011
deepfluoro,subject01,012,branch_as_is,0.9256948852266574,0.6998470759821497,0.9712950925324628,0.7227600863654524,0.1867816848023915,0.8262797715221646,0.052391751489370496,0.008320810740312276,0.5038930018432934,0.06519596496390913,0.6346511110182406,,,0.9071658346596969,0.04145153723435865,0.6977338593916463,0.22049738512499198,0.9068486466081174,0.5743230160893833,0,deepfluoro/subject01/012
deepfluoro,subject01,013,branch_as_is,0.9365382518521196,0.6975013822323243,1.057281398455594,0.7463076060636533,0.16902281540708258,0.8356474660895061,0.04929653547723629,0.009470509364173454,0.5470117066674393,0.08534047970516022,0.612160902527164,,,0.9091141374526981,0.04349107853768127,0.7040335805790605,0.20618095987973423,0.9083751438813742,0.5862031644259438,0,deepfluoro/subject01/013
deepfluoro,subject01,014,branch_as_is,0.9368884829187466,0.6750072002475513,1.0816606287777413,0.7614389739426298,0.1434040989708813,0.826464280532965,0.0532479242037587,0.011467841177832422,0.6042800273751566,0.08589671208014188,0.5891104881674094,,,0.909439450830422,0.04400363452251582,0.6976878468184137,0.2056920023866819,0.9088100597097037,0.579067655704602,0,deepfluoro/subject01/014
deepfluoro,subject01,015,branch_as_is,0.9184346836744883,0.6757725631884604,0.9596173913478735,0.7670951577779644,0.1359824171839858,0.8226600835375469,0.06120464698063448,0.010370255207613826,0.5667601666927272,0.06830515545196439,0.607467407736496,,,0.9080316122169899,0.04777140939584378,0.6830660045988921,0.21062288396289774,0.9068733514560646,0.5752920065671195,0,deepfluoro/subject01/015
deepfluoro,subject01,016,branch_as_is,0.9165969825770832,0.6766854857751452,1.0222233602771742,0.8127907335461954,0.12085529053186692,0.8479349298186477,0.05987640707772566,0.012961656661632091,0.49736144295683027,0.05167377387159185,0.6250117119035533,,,0.9140759847909561,0.04404812053308329,0.6588511191745392,0.23798510960512526,0.914031697495313,0.5213317833447308,0,deepfluoro/subject01/016
deepfluoro,subject01,017,branch_as_is,0.9351501197507245,0.6535933866496064,1.2691348275874001,0.8728846911386275,0.07225957096436444,0.8789272357380248,0.05663269698434901,0.019446694873902683,0.5757434378539859,0.030861164728449617,0.6227322219211568,,,0.9225864591052935,0.04213446331565414,0.6604309882319614,0.25060682526469447,0.922762543524298,0.4687389328373982,0,deepfluoro/subject01/017
deepfluoro,subject01,018,branch_as_is,0.931519361407891,0.6564901801661526,1.198867086311704,0.8571522338501854,0.07421070166155004,0.8699647785125648,0.052577433697784615,0.020340400365959688,0.7105714997939787,0.05992274171796451,0.596567438448188,,,0.920581841800132,0.04082215244499662,0.6923921058218353,0.25672170145212797,0.9218036717868803,0.5121223904690834,0,deepfluoro/subject01/018
deepfluoro,subject01,019,branch_as_is,0.9351956327535733,0.6917786825387597,1.0501241482387271,0.7091472173667219,0.19192042947166493,0.8236040643654918,0.05061678358046071,0.012572749643771333,0.6133511914539305,0.06755739823677501,0.6242212843019848,,,0.9039151723093736,0.04512016854370275,0.7058658226078351,0.20142958964899474,0.9031266374953123,0.5909164827991883,0,deepfluoro/subject01/019
deepfluoro,subject01,020,branch_as_is,0.9360214503513586,0.6973217383792993,1.071539410621569,0.7533151871799169,0.16346755578608926,0.8344930097308207,0.05057250444191575,0.012156899313735323,0.5743388097285993,0.08992582047743823,0.6073959179018611,,,0.9096411365312173,0.04348161231537104,0.7038799789026156,0.2088527986896744,0.9091873110290987,0.5770094301491356,0,deepfluoro/subject01/020
deepfluoro,subject01,021,branch_as_is,0.9280804932247946,0.7115000535189625,1.0046783276799387,0.7326622489345783,0.17833616307623884,0.8311170147156726,0.052910183727495334,0.009640048109701507,0.5034687091030812,0.06817171529700525,0.6433283382219572,,,0.9094009509588529,0.04298244486044889,0.7026125411578114,0.2101707645857313,0.9090359396633689,0.5885160475114568,0,deepfluoro/subject01/021
deepfluoro,subject01,022,branch_as_is,0.9521209900682291,0.668761684545477,1.4100242874013036,0.8704685760566713,0.06582353867161414,0.8807194118904123,0.04952517741943541,0.021431912014635818,0.7901649444484761,0.06921670494660138,0.5995449795988756,,,0.9284506793308376,0.03727718968619461,0.6954536447816858,0.2489808914069623,0.9288182767097667,0.49868565975270485,0,deepfluoro/subject01/022
deepfluoro,subject01,023,branch_as_is,0.9276140140831036,0.6994746160322366,0.9825660046253619,0.6925606667055839,0.20034096768605636,0.8181315880674523,0.056196448722183864,0.00835402643662856,0.47948252484913756,0.06496615943488362,0.634508456597353,,,0.9083477960342738,0.04293837671048675,0.6982280953040763,0.2158777935455264,0.9079181775297768,0.5882629603601934,0,deepfluoro/subject01/023
deepfluoro,subject01,024,branch_as_is,0.9384713271536941,0.6967059232201185,1.0608762838477954,0.6395639182536822,0.23238476796966862,0.8056239084034424,0.056147730911619106,0.012385472543526553,0.5435059690142149,0.09196920171747272,0.6047367215026458,,,0.9101484503444428,0.04346816955154557,0.691681110466119,0.21997701578868348,0.9094725533684782,0.5753550299385227,0,deepfluoro/subject01/024
deepfluoro,subject01,025,branch_as_is,0.9485999075910887,0.7045658333852433,1.2946864798635804,0.752409141462744,0.16992026069667915,0.8351280979630559,0.04992659932665605,0.019236406156676385,0.6497915366183172,0.13675186381659296,0.5678139695686503,,,0.9164055144623408,0.03974699283689049,0.6802764777801018,0.22331789096109544,0.9158001614441732,0.5531032742592759,0,deepfluoro/subject01/025
deepfluoro,subject01,026,branch_as_is,0.9584938935147564,0.7156814582567811,1.5448180456266716,0.806473807040723,0.13727277163281854,0.855370391265494,0.0469004898754538,0.02505111735234545,0.7379122775319761,0.17297178204603947,0.5427096762107416,,,0.9271213264444302,0.03720994280092495,0.6788465854897975,0.22272606483887913,0.9264450169914956,0.5423431592296729,0,deepfluoro/subject01/026
deepfluoro,subject01,027,branch_as_is,0.9643498438703217,0.7305136004254499,1.694698333372114,0.8401825148339647,0.12928144364823677,0.8887667918270613,0.043734113425813674,0.02568879214020349,0.797944414438396,0.1354251054029889,0.595088495022461,,,0.9369829479804301,0.04001340833081546,0.6736002200934696,0.21954579699165994,0.9363704113137945,0.5378831182896564,0,deepfluoro/subject01/027
deepfluoro,subject01,028,branch_as_is,0.9666255910668332,0.7118856825606915,1.7828232909202701,0.8622552327620165,0.11685573283955655,0.9018961399769645,0.044832875313220916,0.026477683915184277,0.8428544878328954,0.10729398594825464,0.6045916966124368,,,0.9409717633130555,0.04978934062572169,0.6544675186783917,0.2234553352097696,0.9410339070642645,0.5336647321089645,0,deepfluoro/subject01/028
deepfluoro,subject01,029,branch_as_is,0.9462099853205478,0.7050769277195928,1.3002638365570969,0.7633596748057995,0.15242095678845374,0.8290388373255677,0.05620971831271532,0.02197779961653442,0.6074909244024868,0.06411018072224837,0.6409667469973445,,,0.9117754569941472,0.04274714807238111,0.6444213381892975,0.20260931705517496,0.9118617173097049,0.6037560626590028,0,deepfluoro/subject01/029
deepfluoro,subject01,030,branch_as_is,0.9358612298096197,0.7108832032061215,1.0413106688263636,0.6405963539074123,0.23422465629356617,0.808953481180232,0.060447925015250085,0.012012967808280806,0.5194093700924983,0.05572210194869576,0.6551611012574258,,,0.9093110285058267,0.058464399080810026,0.6725652203781644,0.17230934867729028,0.9075155893304816,0.6506163666680379,0,deepfluoro/subject01/030
deepfluoro,subject01,031,branch_as_is,0.9339827563541139,0.6991724806214434,1.0572164839065574,0.7524285781194614,0.16335745228130533,0.8332112308666694,0.05191846867575086,0.012447617730977188,0.5759994580204382,0.09059186982654156,0.6085806107949019,,,0.9110765399121723,0.043066669649395005,0.7019464866695211,0.20988518879155177,0.9107757217372175,0.5761453813622709,0,deepfluoro/subject01/031
deepfluoro,subject01,032,branch_as_is,0.9197074906221403,0.6389600790137226,1.2241805271745816,0.857468548946231,0.0883251894061444,0.8608213700103055,0.05875492214928327,0.016007090041026507,0.7251819528043986,0.06373048465110517,0.5752295943626174,,,0.9079779024023129,0.06760095092479236,0.711422873767745,0.2753297757673745,0.9068885280708724,0.46563017822239755,0,deepfluoro/subject01/032
deepfluoro,subject01,033,branch_as_is,0.8773320381161203,0.6372941099293119,1.3619927763053459,0.8185106504651559,0.12383339021127131,0.8469506019407199,0.09047432944559691,0.044213401621268994,0.8098043624177473,0.0638360683924027,0.5734580415369092,,,0.9055897554596614,0.11636906126143089,0.7431563683093876,0.29226779819203585,0.852900875539244,0.4022836895835318,0,deepfluoro/subject01/033
deepfluoro,subject01,034,branch_as_is,0.9075492293590901,0.7084436728145137,0.9171291183931769,0.6448982278028698,0.23161744887516197,0.8096731057671297,0.06580534927644174,0.014276110642461391,0.5220328328141574,0.057052201578823125,0.6513914712356905,,,0.9132950425704459,0.045810632659703955,0.6915702893574527,0.18530332363028387,0.9134283232256895,0.6335429372749587,0,deepfluoro/subject01/034
deepfluoro,subject01,035,branch_as_is,0.9373740520710617,0.7098800434994814,1.2577117594084877,0.8129844427288511,0.13957417818231624,0.855011913679037,0.06009412451487903,0.0189894820126999,0.659109763672988,0.11321442499937938,0.596665618500102,,,0.9272880341738369,0.04319802683221888,0.6400313906911836,0.22529305006332692,0.9267568583147043,0.5457273875243842,0,deepfluoro/subject01/035
deepfluoro,subject01,036,branch_as_is,0.8864226488291915,0.7002856544083609,0.9163011375454475,0.7971200943227467,0.16784237734262922,0.8520736826422128,0.0696864144021391,0.01763103970403055,0.36016060459660976,0.07591168538689332,0.6243739690214676,,,0.9083291059185776,0.07653056891009688,0.605814762449817,0.19312728800885556,0.9042604404412087,0.6435921474147128,0,deepfluoro/subject01/036
deepfluoro,subject01,037,branch_as_is,0.9638595921430247,0.5936632107884419,1.4423396287731978,0.8713743916308744,0.08098354710671876,0.83148356184287,0.05633500223071774,0.0187288391134395,0.8671187028443288,0.11110990028702158,0.48255331050142025,,,0.9159193675334416,0.07267007629146831,0.6562798453467363,0.27715500036477986,0.8919610798854347,0.42958703409088617,0,deepfluoro/subject01/037
deepfluoro,subject01,038,branch_as_is,0.9472002437583295,0.5699537734833389,1.2757059493676637,0.862332716035486,0.08053997106639421,0.8526593677034418,0.0574794374298377,0.017937494801923123,0.8194358090469521,0.11033466891819917,0.4596191045651397,,,0.9070032348028323,0.0669466746964497,0.6457642647481557,0.27797244973987273,0.8907885114930406,0.44877467288813516,0,deepfluoro/subject01/038
deepfluoro,subject01,039,branch_as_is,0.9192261261935344,0.561701468944583,1.0794453153553605,0.8438161201300537,0.07545414506219557,0.8467004741961376,0.06007204300849211,0.017925699736376526,0.7366065499831874,0.11321722166198034,0.4484842472826026,,,0.8918321787251438,0.0537581062250566,0.64536370129291,0.2523223081016106,0.8845774734074506,0.5012771788625323,0,deepfluoro/subject01/039
deepfluoro,subject01,040,branch_as_is,0.8926613608365944,0.6143211757650763,0.8667213285079601,0.838958604644915,0.07563736144374858,0.8398084598469014,0.0599779022625715,0.01417120989792644,0.6102063198955404,0.08880879516655259,0.5255123805985237,,,0.8852391127724833,0.05207339179255412,0.647136357642882,0.2274466470232583,0.8845674689424129,0.556466613847971,0,deepfluoro/subject01/040
deepfluoro,subject01,041,branch_as_is,0.8861314323637945,0.6233987291981531,0.7766419077000521,0.7602690023045893,0.13318392983375257,0.7953289610300128,0.07153533945154392,0.01513940665107848,0.5566526705586464,0.07068818369912488,0.5527105454990282,,,0.8829612409517007,0.056794708456607466,0.6540892460296218,0.197175421331925,0.8821758948393849,0.6090970338749474,0,deepfluoro/subject01/041
deepfluoro,subject01,042,branch_as_is,0.8828853036080704,0.5851334660039789,0.7720053495908934,0.6510162569147456,0.21181933667868802,0.7547356230034854,0.08131819765666629,0.01706434387467574,0.6049321967579419,0.07436376035596723,0.5107697056480116,,,0.8828901106815911,0.06092096091392794,0.6512294679937661,0.18054132984349064,0.8819402142388888,0.6296064165550403,0,deepfluoro/subject01/042
deepfluoro,subject01,043,branch_as_is,0.8748980030056046,0.5692654744839416,0.7700275604443894,0.6555263902207474,0.21454754596191625,0.757360840010491,0.08590445587053118,0.01771997129379501,0.6242233533572836,0.10089779206670955,0.46836768241723203,,,0.8856850724495584,0.0668133933635902,0.6289474291958507,0.17991099577893152,0.8844455523050969,0.6337154050048162,0,deepfluoro/subject01/043
deepfluoro,subject01,044,branch_as_is,0.8675685867161176,0.5840868889969199,0.7731146786740862,0.6641995990084656,0.2192568455347683,0.7647136518183434,0.08795560126723435,0.018534159920876987,0.6591548518420054,0.11339652205472944,0.4706903669421904,,,0.8839591329765085,0.07733193087830516,0.5893931450115953,0.18780244391719192,0.8822833029703749,0.6321323799580031,0,deepfluoro/subject01/044
deepfluoro,subject01,045,branch_as_is,0.8568931617306907,0.6076450243986695,0.7859470641441726,0.6620033099286815,0.23750700031307248,0.7750812625886143,0.09040135855552081,0.02131091929894885,0.6683328631140684,0.10664099330962946,0.50100403108904,,,0.8825342672318488,0.09134453640885536,0.5501824785583418,0.20589333045693609,0.8817658548009045,0.6427093403815161,0,deepfluoro/subject01/045
deepfluoro,subject01,046,branch_as_is,0.5378814896322633,0.4667017453963375,0.5590491941800683,0.8572684245282078,0.09979243945795443,0.8573591158657214,0.09564434060291561,0.03831339260869434,0.26604927264765055,0.08645333776638589,0.3802484076299516,,,0.8928809514521642,0.08347264945262414,0.6543587676448523,0.3092439129624545,0.8934662672833128,0.4441349139262072,0,deepfluoro/subject01/046
deepfluoro,subject01,047,branch_as_is,0.7969725631658997,0.5440306885488986,0.7737026377299538,0.8366746444041129,0.08551435507415234,0.8400613108333019,0.07491555586740155,0.0216254005341564,0.55462836977563,0.0703108902853655,0.47371979826353305,,,0.8839668599913298,0.06379890077171856,0.6636114569063113,0.27460913085495836,0.8828727452817074,0.491784915438754,0,deepfluoro/subject01/047
deepfluoro,subject01,048,branch_as_is,0.9110778956978551,0.5689341112629985,1.0451041766718265,0.8420604387107627,0.07421945966548397,0.8462105778349202,0.06096332769394977,0.017419498084385584,0.7140459340786469,0.10878887144297283,0.4601452398200257,,,0.8890474375672134,0.05407636094667871,0.6538609787562255,0.2499803787749939,0.8823625546813835,0.5080117626224762,0,deepfluoro/subject01/048
deepfluoro,subject01,049,branch_as_is,0.9377396041381029,0.5389486031668135,1.1813789046537746,0.8432012019499567,0.07965284917780882,0.8331106155965929,0.06119045244661069,0.02354787316086439,0.7946224055879513,0.09933008454058485,0.43961851862622864,,,0.8936007067249342,0.055840871091131554,0.621571728522965,0.2630562687614025,0.8830179734619599,0.47990824082721223,0,deepfluoro/subject01/049
deepfluoro,subject01,051,branch_as_is,0.9327693793328448,0.7075286574692512,1.1115462440121417,0.7095857123034348,0.18466071830620906,0.8216429487926075,0.05626777468809585,0.016391901235031925,0.47661759200121806,0.0595393749330026,0.6479892825362485,,,0.9145984479505603,0.036977130603147466,0.6905433678590026,0.19071691117977388,0.915649530154645,0.635174053627581,0,deepfluoro/subject01/051
deepfluoro,subject01,052,branch_as_is,0.8945759779190592,0.7123858569817381,0.8846340605428464,0.6751890263711324,0.21654525461329613,0.8155564117896641,0.06765140533552053,0.014195123341762268,0.551992729497581,0.06497399255578983,0.6474118644259482,,,0.9049111422668287,0.05099716108392358,0.6931795991998617,0.2016209614848505,0.9049450972731937,0.6104241897590744,0,deepfluoro/subject01/052
deepfluoro,subject01,053,branch_as_is,0.9221538220554105,0.5386961410972512,1.1459515292770948,0.8827580675658439,0.07966321582012206,0.8823618986877457,0.06159242565303713,0.01640953521851864,0.6338483638311244,0.1007183286841287,0.4379778124131225,,,0.9192654513150619,0.06000631595219749,0.67893872665083,0.2652836131016736,0.9132157348867722,0.47550032779755974,0,deepfluoro/subject01/053
deepfluoro,subject01,054,branch_as_is,0.9257621600847771,0.5329932113762724,1.1616141311699992,0.8806924645435807,0.08866511064463958,0.8803380751166555,0.06278435986332674,0.017578614792518734,0.6457758316770699,0.09954724961007805,0.4334459617661944,,,0.9203464986490001,0.06443186647020226,0.6733235889547405,0.2788417234877027,0.9149936249298047,0.4525428202916133,0,deepfluoro/subject01/054
deepfluoro,subject01,055,branch_as_is,0.9573139488171063,0.5104745138111648,1.379687580922917,0.8670842294643307,0.08035693037200296,0.8525592565209201,0.05680762446926657,0.022729022328542122,0.7932988277338978,0.05783496559157712,0.4526395482195877,,,0.9193194784020323,0.07058126569106574,0.699741333624187,0.2936840579430999,0.8940842921282202,0.38856425981567766,0,deepfluoro/subject01/055
deepfluoro,subject01,056,branch_as_is,0.9086321068856916,0.705851524633316,0.9633020143973356,0.7641252197869146,0.15599239881904664,0.8333094562763397,0.059888308954804986,0.01022951475154448,0.6217265978717204,0.08832018898746365,0.6175313356458524,,,0.9020750030193871,0.052769093311376206,0.6970595877254175,0.22317776467161202,0.9012783116433059,0.549992205457307,0,deepfluoro/subject01/056
deepfluoro,subject01,057,branch_as_is,0.9159364330669225,0.6353061926402124,1.1028773678650716,0.833202507499892,0.09201475992919703,0.8524190016692899,0.058855557995512384,0.019164019022512455,0.7043666073981248,0.07701581575963663,0.5582903768805757,,,0.9116820334012127,0.048303052720285435,0.6887318185016066,0.2741557528819486,0.9124175553629917,0.47467863579999225,0,deepfluoro/subject01/057
deepfluoro,subject01,058,branch_as_is,0.9406407974670905,0.7112915789068764,1.1482037133205782,0.7666984349872639,0.15208742943022302,0.833551450500326,0.05659720985368015,0.00932135916915113,0.5410119352311878,0.07310283276909126,0.6381887461377852,,,0.920018201549507,0.04188761662877477,0.6689626984357029,0.2448570252342976,0.9204420094215618,0.5154627439008709,0,deepfluoro/subject01/058
deepfluoro,subject01,059,branch_as_is,0.9731619916116327,0.6690336814459915,2.008662836745995,0.8449035405667659,0.05831818420513012,0.8655394235293992,0.050551709345009986,0.03411106478344721,0.8611777776151815,0.1454204512631602,0.5236132301828313,,,0.9368226973991209,0.0488041341959603,0.7116079959140265,0.23328488038188566,0.8577470031865767,0.3933592346030297,0,deepfluoro/subject01/059
deepfluoro,subject01,060,branch_as_is,0.9343228566989243,0.7165631294351114,1.105751877719408,0.7724866601227439,0.1446314759391209,0.8341794465662403,0.055911805367512134,0.00877522198278165,0.4776957515254608,0.07529372189448662,0.6412694075406248,,,0.9182310887146953,0.0434509090724517,0.6828113542742517,0.22942313512642776,0.9184168484345399,0.5509631571848139,0,deepfluoro/subject01/060
deepfluoro,subject01,061,branch_as_is,0.9365905338121362,0.7013133108279802,1.1441928842289557,0.762999319214335,0.15255867898711534,0.8347699364554777,0.05369158473738992,0.009709307722573307,0.5691977051273557,0.09386227696466577,0.6074510338633144,,,0.9084981115623273,0.04849104196210968,0.7060414452212048,0.21587181652962464,0.9077908278934355,0.5583290503398554,0,deepfluoro/subject01/061
deepfluoro,subject01,062,branch_as_is,0.9510712220134665,0.7225990790891063,1.2030120835823586,0.7580009328093901,0.17330464193915854,0.8528644725983571,0.048372544793697576,0.009867894493120966,0.5722110125356565,0.05357801191651953,0.6690210671725867,,,0.9236552020756824,0.036743056818600316,0.6653465905120065,0.2237106552046028,0.9243392418120403,0.5643602698695785,0,deepfluoro/subject01/062
deepfluoro,subject01,063,branch_as_is,0.9456848974293617,0.7318665339201538,1.118231092818657,0.6547064766511236,0.23517537771316482,0.8307170359588888,0.04986255654905019,0.008404229452632821,0.432016038864961,0.05601970361179092,0.6758468303083629,,,0.9129809439359974,0.04447876911341249,0.6923503224417213,0.1928794056417418,0.9125204643527522,0.6262720769741157,0,deepfluoro/subject01/063
deepfluoro,subject01,064,branch_as_is,0.9319939859390767,0.7079471200890919,1.0623105290310768,0.6781105086488075,0.21889915614421612,0.8279617181366622,0.054852221545697646,0.011625103490067045,0.5110049015650441,0.07717332178801085,0.630773798301081,,,0.9106739329087702,0.046330961804896556,0.6993565383475955,0.19176352342366254,0.9104014192690513,0.6204904424856236,0,deepfluoro/subject01/064
deepfluoro,subject01,065,branch_as_is,0.8806867819963728,0.6911858753623694,0.816209456227736,0.6837103323780117,0.21412080455294286,0.8178933737743195,0.07062163619236517,0.015030670716365139,0.5838083559358067,0.07277445321824758,0.6184114221441218,,,0.9082599477028989,0.04971743492592496,0.6964290679379781,0.218229193422691,0.9084454770964481,0.5911581953868469,0,deepfluoro/subject01/065
deepfluoro,subject01,066,branch_as_is,0.788081941535538,0.6369026862087388,0.6226477931549743,0.7206726783304614,0.19196744578245573,0.7906776090092625,0.09222022013207451,0.02623997841703603,0.4847905690588776,0.08404780126490476,0.5528548849438341,,,0.8877893793728739,0.06988063072993139,0.5697470161057452,0.22393120737763036,0.8896796237419846,0.6003453376187972,0,deepfluoro/subject01/066
deepfluoro,subject01,067,branch_as_is,0.8635367196600933,0.6746949541687782,0.927521094410481,0.8498437643567214,0.08154477323222428,0.8558455790832488,0.07201379440972983,0.01989601222580308,0.6460378241624123,0.08293845901806639,0.5917564951507118,,,0.8995367450703279,0.061277095330022444,0.5455482931364504,0.24669009991944846,0.9022689535975719,0.5463813398822952,0,deepfluoro/subject01/067
deepfluoro,subject01,068,branch_as_is,0.8587461198839681,0.5916342650165972,0.7478964990848975,0.6368985064266921,0.23448215973807063,0.7623680700299167,0.08081924896062594,0.017853006813925723,0.5237606994582676,0.06535098300280595,0.5262832820137913,,,0.8794249020244285,0.06414206721243375,0.5970721333496171,0.1899010120107092,0.8791086112982336,0.6201939954820975,0,deepfluoro/subject01/068
deepfluoro,subject01,069,branch_as_is,0.8278618475108622,0.5753697132590572,0.7169330425775229,0.8083702588859832,0.14929195636708267,0.8304433896502947,0.09022109568640357,0.02354872834425918,0.7656535786644625,0.11800173615651886,0.4573679771025383,,,0.9212026081864282,0.06457520284901846,0.6165747059977049,0.18071402653411534,0.9216566481055672,0.7085826234020725,0,deepfluoro/subject01/069
deepfluoro,subject01,070,branch_as_is,0.963827894471714,0.6628711028497872,1.5185286061468546,0.911952166570093,0.06878975329321886,0.9047973023614232,0.043993089302707324,0.0148862795985286,0.7783990813474051,0.10013721623766718,0.5627338866121201,,,0.9417000061026347,0.0485379727426474,0.7023888832001592,0.271075858851587,0.9407449596855572,0.4300099528226434,0,deepfluoro/subject01/070
deepfluoro,subject01,071,branch_as_is,0.9807403099630855,0.6070278203370786,1.8022914687831044,0.9034041650515442,0.06775600224463085,0.8318287162677572,0.04154053328489963,0.022635510830490334,0.8651354453496672,0.06794052375248884,0.5390872965845898,,,0.9380856985391333,0.06168672323572916,0.7483941021955717,0.28144600132027897,0.9256365558400562,0.3775297146549942,0,deepfluoro/subject01/071
deepfluoro,subject01,072,branch_as_is,0.9799534757090249,0.6213361623799081,1.8030674051756337,0.8760731920163342,0.06610163524847325,0.8386850001861239,0.042909651989791256,0.025122953643892696,0.8648486048171126,0.07817587193485591,0.5431602904450522,,,0.9361616081103961,0.06163044258566965,0.75777167975601,0.27641173256166446,0.9010019372472912,0.41160917007816733,0,deepfluoro/subject01/072
deepfluoro,subject01,073,branch_as_is,0.9301482091366953,0.6656289761742099,1.0211295320392444,0.6956122762715087,0.18287990426960862,0.7891423182132947,0.058522343279098485,0.009985483535023494,0.547680841782694,0.06030255081157183,0.605326425362638,,,0.8661309335781515,0.06733453980574022,0.6696793943491742,0.2348256441341617,0.87360107356206,0.5759012899071689,0,deepfluoro/subject01/073
deepfluoro,subject01,074,branch_as_is,0.9668191234044821,0.6418642089481945,1.6111879608306947,0.9020609362286609,0.06003796439459061,0.8945741599171965,0.04114709989353914,0.01614567662264603,0.7628651415214398,0.08338586723517911,0.5584783417130154,,,0.9345258974322255,0.04553413677963864,0.7103718042564416,0.25264551321833617,0.9238833654495515,0.48063236136633514,0,deepfluoro/subject01/074
deepfluoro,subject01,075,branch_as_is,0.9595983217654933,0.5774158333221756,1.279887177271401,0.8511148281941976,0.11417653004250261,0.8661388837257832,0.04069249981440555,0.006491058664455971,0.7141907050574303,0.145163964888976,0.4322518684331996,,,0.9188918916317699,0.058783855303374044,0.6640132180644737,0.18738795346002152,0.9160424592052933,0.6203895047449791,0,deepfluoro/subject01/075
deepfluoro,subject01,076,branch_as_is,0.9333860915736026,0.6477674919204482,1.1486108278325255,0.9052871073196858,0.06798611880334757,0.8950514222677367,0.04800188101057111,0.010156160840723443,0.6714377320014662,0.09342963981226361,0.5543378521081846,,,0.9320759267156595,0.04511961142223717,0.6683935477131908,0.25441972315662786,0.9332603482911628,0.4904360583232552,0,deepfluoro/subject01/076
deepfluoro,subject01,077,branch_as_is,0.9769159325169451,0.6624673486589826,1.7208811424385204,0.9175836970247123,0.07524848217891045,0.8918331478734443,0.04015722891039038,0.017528400258446496,0.8533758729776063,0.09052288614678128,0.5719444625122013,,,0.9403208097087221,0.06213925306555719,0.7242903915487577,0.2782993375132596,0.9390659594741823,0.4057189800842074,0,deepfluoro/subject01/077
deepfluoro,subject01,078,branch_as_is,0.9405718385851256,0.6520463174442996,1.197584316640239,0.9034760661253864,0.06564537333836183,0.8957809085249607,0.04442606038215615,0.00957797877663338,0.6685714188627093,0.09372911022623666,0.558317207218063,,,0.9280926544253978,0.0447995391429249,0.6732350707480168,0.25379479814921413,0.92943660923981,0.49477739421577216,0,deepfluoro/subject01/078
deepfluoro,subject01,079,branch_as_is,0.9850718163307166,0.6354777974375568,1.877479506641206,0.906364524711861,0.08695786889342476,0.7975306004250577,0.04076313340124747,0.021429129317165792,0.8856409050900976,0.0903475115676783,0.5451302858698786,,,0.9380739936523725,0.07126321802851152,0.7530886226599802,0.2671102316768052,0.9334072230203303,0.3773586396456107,0,deepfluoro/subject01/079
deepfluoro,subject01,080,branch_as_is,0.9772436012426128,0.655715763842389,1.7410855510542729,0.9149883828739437,0.0744677718285586,0.8875833768804094,0.040561274201749285,0.01852357007392875,0.8557283170919868,0.09068046908986914,0.5650352947525199,,,0.9395653759485558,0.0606214014245156,0.7291058625717992,0.27464694959691716,0.9372650215407236,0.40766358781033146,0,deepfluoro/subject01/080
deepfluoro,subject01,081,branch_as_is,0.9624389584323635,0.6664061706779547,1.5197179958915936,0.9113169033495749,0.06794251456770313,0.8993226645095165,0.04344243787151601,0.016889618217862286,0.765878583323805,0.09539293689678521,0.5710132337811695,,,0.9330784082938551,0.05112089844923155,0.6998135875365336,0.2683832677269577,0.9337565025490525,0.44400503311401746,0,deepfluoro/subject01/081
deepfluoro,subject01,082,branch_as_is,0.9451946278682277,0.6536292855633432,1.2495370724145425,0.9002436277330655,0.06326544824434072,0.8942541520804247,0.04292770227486064,0.009921643206847231,0.6675748890770425,0.09651589292908154,0.5571133926342616,,,0.9240240322478006,0.04534964963384615,0.6792251607134157,0.25227185394523816,0.9254411028559303,0.4972768445805247,0,deepfluoro/subject01/082
deepfluoro,subject01,083,branch_as_is,0.9379924129586921,0.6558875885002929,1.0736624067732814,0.7116056500351879,0.20673023146402827,0.824658233040222,0.052669087156897505,0.007283159299908542,0.5996770769530817,0.08704249629913624,0.5688450922011568,,,0.9128348770900478,0.0477892235952453,0.6833751154203767,0.20621070238928849,0.9117274093705563,0.5765693912300067,0,deepfluoro/subject01/083
deepfluoro,subject01,084,branch_as_is,0.9781099326982606,0.5974119129764985,1.737489728976383,0.8896607143436959,0.06986091460685419,0.8735221007832596,0.0420073184353686,0.019023969480388564,0.8514173091450404,0.06338635000506235,0.5340255629714362,,,0.9402557522875049,0.057521912771362586,0.7245379771508992,0.28155576618617817,0.9377055235745211,0.3736858808089367,0,deepfluoro/subject01/084
deepfluoro,subject01,085,branch_as_is,0.9810840505219905,0.5976334406317598,1.8061346791372364,0.9054656354072048,0.06752130640506265,0.8250481786118498,0.04127506423323743,0.022579768054766795,0.8660211090384652,0.06409404693364393,0.5335393936981159,,,0.9378878878017074,0.061942664239978344,0.7479295134629109,0.2822213111817313,0.9275457030281274,0.37297776288844814,0,deepfluoro/subject01/085
deepfluoro,subject01,086,branch_as_is,0.9831405925725154,0.6174749987766647,1.8425626384411111,0.8845474011988782,0.09605607193793739,0.7238550551682505,0.04608096154814264,0.030164383389762524,0.8849663917712601,0.06872323212320486,0.5487517666534598,,,0.9370224432505844,0.07180213190690715,0.7772138448384877,0.28031757818749903,0.9171044121000824,0.3541036291641664,0,deepfluoro/subject01/086
deepfluoro,subject01,087,branch_as_is,0.9801181419619086,0.6178627597290351,1.809430855895284,0.8963271986334405,0.06793376469893712,0.8344456371753801,0.04252331418053807,0.02433310889677097,0.8648329754233748,0.0761751404968507,0.5416876192321844,,,0.9376884383101415,0.06173920570996828,0.7545105504220452,0.2787882152561626,0.919979536368732,0.3893419205331995,0,deepfluoro/subject01/087
deepfluoro,subject01,088,branch_as_is,0.9738575470872076,0.6313330267894471,1.7174134695817087,0.8962784379767076,0.06427005736881372,0.8821151598028822,0.041766517117139836,0.02038832604968637,0.8184171372865892,0.04405167734632959,0.5872813494431175,,,0.9378126068124384,0.050490083021034235,0.7245367768765851,0.27008685846810654,0.9191870570761784,0.4279501507150591,0,deepfluoro/subject01/088
deepfluoro,subject01,089,branch_as_is,0.9660501619596835,0.631289372527495,1.5837533508886144,0.9055307572696434,0.060182547082350685,0.8962835358232659,0.04075708833133417,0.01481916603431738,0.7535581896625418,0.0877329051325062,0.5435564673949888,,,0.9349093172090157,0.044906944354300364,0.7034067604810448,0.2524804931414967,0.9265831018882763,0.48357819688965004,0,deepfluoro/subject01/089
deepfluoro,subject01,090,branch_as_is,0.9613236046058855,0.5987999312369141,1.422199546258132,0.8910130328417429,0.07208546631390265,0.8870019117523484,0.039745275021183406,0.00885231223753506,0.7362020760681286,0.11647950458356117,0.48232042665335295,,,0.9232408396608981,0.04938852220404604,0.6818379469848554,0.2164969317157464,0.9199718039890817,0.5439889417597962,0,deepfluoro/subject01/090
deepfluoro,subject01,091,branch_as_is,0.9596986383937306,0.5983792921983908,1.280643644327011,0.8534684092634081,0.11236834691180876,0.8682375924405755,0.04067353042762373,0.0064362803297225105,0.7150524908908915,0.14509381791312567,0.4532854742852651,,,0.92005760887936,0.05802255649669334,0.6649182514577939,0.18830977605692692,0.917270815309268,0.6213829701386195,0,deepfluoro/subject01/091
deepfluoro,subject01,092,branch_as_is,0.9797060776827249,0.616301540007449,1.7756513874970568,0.864353508450855,0.06778390341502533,0.8552963224331239,0.043378768634174336,0.022765827493651802,0.8660110348385361,0.061451287751814444,0.5548502522556346,,,0.9457081323287562,0.0583535144943533,0.7490750589982167,0.2798610905861755,0.9341977749665255,0.3591439135308513,0,deepfluoro/subject01/092
deepfluoro,subject01,093,branch_as_is,0.9008062353995915,0.5141768686710411,1.4475072127871764,0.8390128003274375,0.14079853384065757,0.844396761350224,0.09549247437853987,0.03128946219825979,0.7656362828567594,0.04067764182859243,0.4734992268424486,,,0.8966521089217052,0.12521429248525945,0.7289368741267753,0.3372193569992693,0.8779461705785437,0.28013321776835726,0,deepfluoro/subject01/093
deepfluoro,subject01,094,branch_as_is,0.9729867225382764,0.5829609164761079,1.7271141669840042,0.8775234573110055,0.0999353205974369,0.8482494121843978,0.05069375858710054,0.03037765479461062,0.8681957252359654,0.07065404155042383,0.512306874925684,,,0.9250305747346703,0.07777280800931766,0.7467925762453662,0.3010266109324171,0.9181942980887742,0.3532689840877165,0,deepfluoro/subject01/094
deepfluoro,subject01,095,branch_as_is,0.9800656571292782,0.6095226859453258,1.7988761266585258,0.8947207357781006,0.06993962681019397,0.8334809170270996,0.042488295648635634,0.024498988195182196,0.8641398802153815,0.0673214889249581,0.5422011970203677,,,0.9344435123831218,0.06454211768369357,0.7517023082710064,0.28282820008840814,0.9184786473540614,0.3853716984693488,0,deepfluoro/subject01/095
deepfluoro,subject01,096,branch_as_is,0.9856225099288827,0.5749452122327751,1.8342710665082533,0.8921214594525979,0.0683980846093567,0.7804988713006189,0.03865587400429002,0.018395727105704005,0.872530622461103,0.0884193692517521,0.48652584298102297,,,0.9344212739231453,0.06455776510094606,0.7408044373751106,0.286764688444614,0.9145494034310188,0.3799231930099263,0,deepfluoro/subject01/096
deepfluoro,subject01,097,branch_as_is,0.9807039496822154,0.6214120768966007,1.8060436126779598,0.9050302718766324,0.0683989808245063,0.832842774575303,0.04171726234353361,0.02308155872454234,0.865681952316278,0.060417132171676394,0.5609949447249243,,,0.9401971022838367,0.06264202726438207,0.7510417318289428,0.28293612925728817,0.9309858464136214,0.3714025170822759,0,deepfluoro/subject01/097
deepfluoro,subject01,098,branch_as_is,0.9561600525819898,0.5212888212574247,1.4122918471227512,0.8277415084075601,0.09217142061732218,0.8124272732910623,0.06238302608572454,0.02119875672548601,0.8246423733064024,0.07028286963019086,0.45100595162723384,,,0.9041761002686032,0.08436354356646661,0.7023092989332638,0.2926924924609474,0.8560200713567812,0.4030484204584561,0,deepfluoro/subject01/098
deepfluoro,subject01,099,branch_as_is,0.9577987377731663,0.45633670304332935,1.4515927154867647,0.7967292861418953,0.10336992931323624,0.7381907196624476,0.06953587968355732,0.03314436666135522,0.8440233329567172,0.05390530193235455,0.4024314011109748,,,0.9017291748170162,0.08974205683611429,0.7315402839373826,0.2903810238595644,0.8316978549285217,0.37491781510332556,0,deepfluoro/subject01/099
deepfluoro,subject01,100,branch_as_is,0.9595718853681866,0.4716618912554935,1.456572941764927,0.7867804282707961,0.10232177459555378,0.739212203958234,0.06842340965045957,0.032671200194334976,0.8441616079580556,0.05692802549523643,0.41473386576025706,,,0.901286329504114,0.08881801373700395,0.7352494233311021,0.28912913796968426,0.8217513141016485,0.4015662426506558,0,deepfluoro/subject01/100
deepfluoro,subject01,101,branch_as_is,0.9532628791674325,0.5060134900795311,1.4209791509133105,0.8099923126702968,0.0865568921248469,0.8104796576624299,0.0628613714189339,0.024885719694286285,0.8127120958009759,0.04769106403724751,0.4583224260422836,,,0.9063501294534596,0.07582895510893337,0.715137693345539,0.2745104477414833,0.8367009036263118,0.4497402988155774,0,deepfluoro/subject01/101
deepfluoro,subject01,102,branch_as_is,0.9388616948603358,0.5159888244292272,1.3439301314254206,0.8428958304444936,0.07933235799781342,0.8433850903734552,0.061153328490102146,0.022693923312285126,0.7664026250531761,0.04548251300778765,0.47050631142143956,,,0.9085861530299517,0.06538943955711851,0.703293510045546,0.2447478663529043,0.869354594286632,0.48438742135206675,0,deepfluoro/subject01/102
deepfluoro,subject01,103,branch_as_is,0.9279084600274435,0.47437648161347945,1.2346585633606115,0.8551333739939744,0.08505521094018173,0.8507709165151942,0.05990267149977619,0.01717646429759549,0.7305728971006413,0.09722968629748124,0.3771467953159982,,,0.9016583057550421,0.06998108683246326,0.6765402829299739,0.2180362712034291,0.8825856654273064,0.5275913591782139,0,deepfluoro/subject01/103
deepfluoro,subject01,104,branch_as_is,0.9236487153655257,0.5193506821954558,1.1218506128067562,0.8612420362260075,0.08734509811580725,0.8466854534679087,0.057333554404423975,0.013014024513306934,0.7290666973876471,0.09363954819453642,0.42571113400091937,,,0.8996627408649986,0.0727555866120815,0.6415265387459584,0.19504904119772623,0.891134868230317,0.5913438642328236,0,deepfluoro/subject01/104
deepfluoro,subject01,105,branch_as_is,0.9445947812493237,0.5406021448503132,1.2667173479213352,0.8680439417129374,0.0829665032826015,0.8698612063086382,0.055396912953927194,0.010464668616688306,0.7480716222375723,0.07835787743043747,0.46224426741987573,,,0.9169527963349562,0.06632511433078385,0.6698315524631726,0.2895516667725206,0.9066012873259329,0.4128536894282032,0,deepfluoro/subject01/105
deepfluoro,subject01,106,branch_as_is,0.9050541615303824,0.5561060947628812,1.0428625108074434,0.8616601990801475,0.07308020688378261,0.8565096529071216,0.05765628336647936,0.010181139017564579,0.5806335687232007,0.0722209275361295,0.4838851672267517,,,0.8967697035825146,0.05305795212851023,0.6492887714034878,0.2573361509321313,0.8950242012320975,0.48523852400484474,0,deepfluoro/subject01/106
deepfluoro,subject01,107,branch_as_is,0.8646603570123259,0.5633946540453382,0.841299111076422,0.8237084368541895,0.08928739363562452,0.8256582820965729,0.06798708980156556,0.012506556476587787,0.5189809501293876,0.053369239582163754,0.5100254144631744,,,0.8851689032960682,0.055525510333066526,0.6423628377338412,0.22912503409067642,0.8841279854262195,0.5321275342180064,0,deepfluoro/subject01/107
deepfluoro,subject01,108,branch_as_is,0.9411125409102484,0.5500486195983062,1.2858157506449026,0.8693943802725288,0.10643199972885534,0.8729193744026919,0.062497596652836586,0.014060848338295105,0.7475474743569765,0.06699318376372522,0.483055435834581,,,0.9128926522937846,0.07548914892337927,0.674410800546317,0.29144084230085576,0.9072410979409249,0.42164264169037763,0,deepfluoro/subject01/108
deepfluoro,subject01,109,branch_as_is,0.9133274897677659,0.5510431327986796,1.113373015336482,0.8706276390394694,0.08796778231340815,0.8732444005196048,0.05880282688860098,0.009852172527387935,0.5928744115442481,0.06006342623630009,0.4909797065623795,,,0.903028925335272,0.0686161767203686,0.6442278366948851,0.2856633248834279,0.9035112344874996,0.4570168438006972,0,deepfluoro/subject01/109
deepfluoro,subject01,110,branch_as_is,0.867703368257935,0.5617778703980147,0.8567316146339792,0.8254232388623574,0.08772591991255707,0.8269759117654056,0.06749708963977277,0.012381047132595305,0.5201038209374159,0.05684714457946447,0.5049307258185503,,,0.886178788540312,0.05479138562345441,0.6431149217317981,0.23124885521211258,0.8852053028011007,0.5289510500615345,0,deepfluoro/subject01/110
deepfluoro,subject02,000,branch_as_is,0.8110432919598496,0.19082252059802973,1.3651945170701916,0.7299341810375807,0.1150397411889395,0.8188907855850623,0.09987168244797844,0.0813710298232821,0.78803697906619,0.039333309159635774,0.15148921143839394,,,0.9068583667595169,0.13575739485912447,0.6657672786038606,0.2563254830817238,0.804007521117648,0.7524645937283486,0,deepfluoro/subject02/000
deepfluoro,subject02,001,branch_as_is,0.8112401975983375,0.17790849709461376,1.3638610776600197,0.7325486165407472,0.11526665155027976,0.8233277378112317,0.09801967322885588,0.079661467792233,0.7896347515335427,0.038482334140754734,0.139426162953859,,,0.9065034368935087,0.1364183454004552,0.6653500398976323,0.2563306559634138,0.8031706015514873,0.751823422781625,0,deepfluoro/subject02/001
deepfluoro,subject02,002,branch_as_is,0.8223842552722319,0.13497820929680004,1.269206074762614,0.7194879482399381,0.11963485206760723,0.7648522646630169,0.10187034367232393,0.08074083431120713,0.8075971005896299,0.012486042847630814,0.12249216644916923,,,0.9034588565444519,0.11459872671079264,0.6388863566842318,0.2561221999985584,0.8277445263117491,0.7731912207794869,0,deepfluoro/subject02/002
deepfluoro,subject02,003,branch_as_is,0.9038475926769667,0.6549538963553727,0.8815718472653737,0.6270195157748434,0.24271379111827732,0.8137149706207127,0.06889788546588002,0.013820305929834551,0.6399033680852526,0.040132936397829846,0.6148209599575428,,,0.9247496043162386,0.04106430513304467,0.6079364312050847,0.2712910179930346,0.9256737457242733,0.8535494694019307,0,deepfluoro/subject02/003
deepfluoro,subject02,004,branch_as_is,0.7840875360213275,0.21610844898418144,1.1794522377024113,0.7160966695969394,0.16132186246653585,0.7572104254155707,0.11150704039644857,0.08269464885047499,0.7289272109781605,-0.00212754636496912,0.21823599534915056,,,0.9112229754460717,0.07582970230962391,0.6129185954411267,0.2595273366816389,0.9018018433584336,0.8358054303415072,0,deepfluoro/subject02/004
deepfluoro,subject02,005,branch_as_is,0.9098027534257827,0.6508019132861242,0.897011953629224,0.6193673546147724,0.24312027917381437,0.8103207801719307,0.06787340814106739,0.01278907494554537,0.639882791592609,0.044475125378740134,0.6063267879073841,,,0.9221652594095638,0.04080861568382249,0.6069125896669169,0.2735848938458947,0.922937690716979,0.849767679995319,0,deepfluoro/subject02/005
deepfluoro,subject02,006,branch_as_is,0.9096070132052956,0.6404133445032963,0.8990701406460682,0.620835910556246,0.24757321271371946,0.8152518676574119,0.06616111126097972,0.01247802527956413,0.6391481914638085,0.04303742358925841,0.5973759209140379,,,0.9218106616289156,0.04103131191332573,0.6052489997874966,0.27437194950987825,0.9225661915065718,0.8488231351851405,0,deepfluoro/subject02/006
deepfluoro,subject02,007,branch_as_is,0.9071653276573401,0.580356689892594,0.8894188187017895,0.6180636355311088,0.2510066521264365,0.8152502354614005,0.06648154452069774,0.013488521920545535,0.6419764169365789,0.03894852261567773,0.5414081672769163,,,0.9224347352621467,0.04096640513260876,0.6120522074334055,0.27025358404238464,0.92337418991973,0.8512871013692223,0,deepfluoro/subject02/007
deepfluoro,subject02,008,branch_as_is,0.9015446756656468,0.45037876649061365,0.9541010073750354,0.617603010003213,0.24241080899737047,0.8053147126697604,0.07185516723750503,0.017781905458221205,0.6357198873686564,0.028284595316608444,0.4220941711740052,,,0.9186389849562066,0.042257769820266966,0.5982705072585215,0.27348779462240835,0.9194362508149604,0.8460866767428511,0,deepfluoro/subject02/008
deepfluoro,subject02,009,branch_as_is,0.7925116657364113,0.14798838381661544,1.2472331243449624,0.7216975023886496,0.13357092760789466,0.7004096627094596,0.11021605399545524,0.08845444275376325,0.7613558601291665,0.009159254765939305,0.13882912905067613,,,0.9069985539585367,0.09402923793666487,0.6572084032681998,0.2542713855759066,0.8641420067354203,0.80381702281931,0,deepfluoro/subject02/009
deepfluoro,subject02,010,branch_as_is,0.8408860478138106,0.3266373194810665,1.355944585711689,0.7179076522290412,0.11463731094320764,0.8192264020884769,0.0936850455103214,0.07346479893248326,0.7971773177890645,0.019747965606914164,0.30688935387415234,,,0.9035327209162366,0.13797144432641179,0.6579034383472776,0.2526866346213655,0.7899578251929963,0.7352532138208874,0,deepfluoro/subject02/010
deepfluoro,subject02,011,branch_as_is,0.9354702166248939,0.617039285640271,1.6583000608383105,0.8190419156659017,0.10165963465676926,0.9132838653381794,0.06528119004170305,0.0470735368054849,0.8503344380047523,0.042065817961937736,0.5749734676783332,,,0.9344351869474659,0.11562320083955258,0.7825052752046506,0.18605231776544123,0.8346447860545225,0.8128434615797256,0,deepfluoro/subject02/011
deepfluoro,subject02,012,branch_as_is,0.9126807952187616,0.5875158892813368,1.5553357571000919,0.8615077650832906,0.07997999009177825,0.8290255815630119,0.07480665137838659,0.04856179829310145,0.8143680997075352,0.05967854559407338,0.5278373436872634,,,0.9314917999355059,0.08782339240611371,0.7488538246104395,0.19593457203003584,0.9058943290494386,0.8729878807894286,0,deepfluoro/subject02/012
deepfluoro,subject02,013,branch_as_is,0.9146433952898694,0.6144817442398904,1.609998704786267,0.8638306110585671,0.07655042848740047,0.8321217238372299,0.07414735323032424,0.050291020169713645,0.8126146428748462,0.03370603100672161,0.5807757132331688,,,0.9342359958860206,0.09220385196122419,0.7546903847915589,0.19511492335381173,0.8972618873514255,0.8662690069431516,0,deepfluoro/subject02/013
deepfluoro,subject02,014,branch_as_is,0.9216466764815487,0.5907387097155141,1.6180100221914542,0.8551419387239183,0.07211108079667918,0.866905171656741,0.0707710772853593,0.048546582316671805,0.8218540765220705,0.03318925200898021,0.5575494577065339,,,0.9313997557178274,0.09944788909372018,0.7614839214092654,0.19147129553106798,0.8764690179074107,0.8486027303482679,0,deepfluoro/subject02/014
deepfluoro,subject02,015,branch_as_is,0.9260473748002463,0.5946368430804214,1.6402168799587957,0.8345062236238987,0.07972535217186434,0.889245970821231,0.0691966011631446,0.048455831883536214,0.8287991506059663,0.02440965195543342,0.570227191124988,,,0.9314700298779254,0.10821470829410865,0.7700228295789249,0.19003686157757696,0.85311518690605,0.8271779830623005,0,deepfluoro/subject02/015
deepfluoro,subject02,016,branch_as_is,0.9312814237856908,0.5723381803271838,1.6338992683509788,0.829654463978182,0.07922738550030602,0.8918356184421393,0.0663947775688982,0.04596790759336689,0.8391667055185621,0.039762084548804755,0.5325760957783789,,,0.9281183920128728,0.10912954067652611,0.7666813630540154,0.18918882970812098,0.8448342838199111,0.8201367625350721,0,deepfluoro/subject02/016
deepfluoro,subject02,017,branch_as_is,0.935011315033244,0.6095776134650492,1.664661218680294,0.8075796653406905,0.1045605561503651,0.9138460824710186,0.06351524710924406,0.04526666716588153,0.8477943013913793,0.032311523911714345,0.5772660895533349,,,0.9317672255994975,0.11779745102864753,0.7811770417985429,0.1877635586836505,0.8230104507687029,0.8004421722887988,0,deepfluoro/subject02/017
deepfluoro,subject02,018,branch_as_is,0.9352293205639506,0.6093053767144013,1.6777384329379061,0.8053396301472321,0.10898264473420853,0.9160657095626893,0.06291290205247317,0.04513684488739829,0.8479823221654812,0.028096631133186348,0.5812087455812149,,,0.9321087150696777,0.11847169584353881,0.7817987263075885,0.18815455831589611,0.8214101778420082,0.7987812044216284,0,deepfluoro/subject02/018
deepfluoro,subject02,019,branch_as_is,0.7948907723982089,0.15131634110499537,1.2396235533157614,0.7238998960001712,0.13293220032292108,0.7033947272926546,0.10817008307921262,0.08667072295643036,0.7646131717328076,0.00895485773689905,0.14236148336809631,,,0.906224907313559,0.09455043969844132,0.6571029734876074,0.25380994907994914,0.8621793750924999,0.80194965671877,0,deepfluoro/subject02/019
deepfluoro,subject02,020,branch_as_is,0.9364509636823926,0.595080604946844,1.6750426552638964,0.8019995655519264,0.11089187307257597,0.9179413346694907,0.062079104008794045,0.04436359322050384,0.8516917955927628,0.03068725457323818,0.5643933503736058,,,0.9316770252537565,0.11918502968405094,0.7821998080033272,0.18792760689744972,0.8170886895399954,0.7946048987737964,0,deepfluoro/subject02/020
deepfluoro,subject02,021,branch_as_is,0.9346269003234341,0.5838882140377626,1.670692497397912,0.8012411697451309,0.10747477039138768,0.9139424755498194,0.06341386739818598,0.045456917338035245,0.8481956104284935,0.027237275460310614,0.556650938577452,,,0.930484876548636,0.11966314070049049,0.7803078338182408,0.18876370117777244,0.8169567270631221,0.7937568147491838,0,deepfluoro/subject02/021
deepfluoro,subject02,022,branch_as_is,0.9353147191432668,0.5820481265609685,1.6701091784897253,0.7974752340033219,0.11242930542690258,0.9165562452125129,0.06273446260270456,0.04501125808111356,0.8507380900959343,0.030527697871989494,0.551520428688979,,,0.9301827816075745,0.12074052982477006,0.7814866320233734,0.1883585003381657,0.8129873693995495,0.7901812489946584,0,deepfluoro/subject02/022
deepfluoro,subject02,023,branch_as_is,0.9365244005626501,0.5751167010438315,1.6710262362264374,0.7951636089335115,0.1137971078471742,0.9170029134304489,0.062394049008852336,0.04471519191884126,0.8533359384987884,0.02878713641430471,0.5463295646295268,,,0.9297006968157766,0.12144799760693077,0.7830051898289656,0.1873058415602445,0.8104012981220836,0.7884921606807329,0,deepfluoro/subject02/023
deepfluoro,subject02,024,branch_as_is,0.918984196743476,0.6060913999631126,1.2042468128904744,0.8075195547937944,0.12293569060638761,0.8536226452531273,0.060912244917537495,0.023317935069310472,0.7269356977744174,0.1048309881785492,0.5012604117845634,,,0.9358332460218017,0.04520469680600302,0.7049237532490246,0.2328104645601056,0.9366895954315909,0.8701419904878657,0,deepfluoro/subject02/024
deepfluoro,subject02,025,branch_as_is,0.9343148497350803,0.6336787813545773,1.3708324785392638,0.7922839313705197,0.13910031333830272,0.8550578279979428,0.05580085100115238,0.021472624465851298,0.7531813823498803,0.12632528512546626,0.5073534962291111,,,0.9341899839255337,0.041533026344551575,0.6916611261435633,0.24024122669498826,0.934770649964972,0.8646059322098887,0,deepfluoro/subject02/025
deepfluoro,subject02,026,branch_as_is,0.9361423310904037,0.635072627579265,1.3719233112690712,0.7863625970037923,0.1437510722616025,0.857068938651673,0.05595125903574756,0.021230908446385033,0.7530161280034919,0.14420905263790096,0.490863574941364,,,0.9355520137051057,0.04107686483710705,0.6882215651585312,0.24216493763805355,0.9361268682104507,0.8646072195819523,0,deepfluoro/subject02/026
deepfluoro,subject02,027,branch_as_is,0.9190259256432273,0.607773978142775,1.1786988553511608,0.7986329808807098,0.13244350332853141,0.8539273700499102,0.05903134289574463,0.020871507427707457,0.7117806347729041,0.10670898926211488,0.5010649888806601,,,0.9305713193533269,0.0441040428944025,0.6991089882781721,0.23716227866676057,0.9313594439055992,0.8630899808651956,0,deepfluoro/subject02/027
deepfluoro,subject02,028,branch_as_is,0.9105038762480547,0.6071920747963574,1.1624665145020106,0.8111774856024909,0.12203310056463718,0.8517967661257164,0.06103010050926684,0.02563657266010668,0.7087738684002041,0.09978214136725184,0.5074099334291056,,,0.9306749179160633,0.04815010796853491,0.7155486263165237,0.22804992726732257,0.9316515037397294,0.8674895824564073,0,deepfluoro/subject02/028
deepfluoro,subject02,029,branch_as_is,0.7999837405127375,0.16708705007880337,1.2323986461298158,0.7336422719957607,0.12560692200737575,0.7130881382334872,0.10728492044723947,0.08642183606563437,0.7678118519485552,0.012683460314421776,0.1544035897643816,,,0.9063388678732252,0.0919073195415212,0.6584047455562747,0.25042079321675004,0.8664160929872937,0.8071619261504505,0,deepfluoro/subject02/029
deepfluoro,subject02,030,branch_as_is,0.8987107195623388,0.6023938301577915,1.1090554893855156,0.8217268298898729,0.11311633538555681,0.8514174741544582,0.062420139123489676,0.030951392485380237,0.6974390188976018,0.11156521724866585,0.4908286129091256,,,0.9288433836550978,0.051469659395269436,0.7324422358192598,0.22035055644820029,0.9293127674207887,0.8679347019863524,0,deepfluoro/subject02/030
deepfluoro,subject02,031,branch_as_is,0.8945522577234697,0.5854231271538812,1.116220665284618,0.8251375508433589,0.11121502182458085,0.8497945579559139,0.06257714354634734,0.03395978015607414,0.7007634774741917,0.09413433680442382,0.4912887903494574,,,0.9280655177568539,0.053334608803104255,0.7377313200785506,0.21712587455612564,0.9279384553928631,0.8670311335663676,0,deepfluoro/subject02/031
deepfluoro,subject02,032,branch_as_is,0.8075809016356882,0.1408708784545368,1.2686428180909068,0.7209886082727821,0.12459553363093528,0.7018921950377496,0.10776412788587321,0.08717443090521064,0.7817376796939478,0.013618242615975024,0.12725263583856178,,,0.9059264797578304,0.1001805756501077,0.6615451978666184,0.25265659438105004,0.8496093583146328,0.7912890113442375,0,deepfluoro/subject02/032
deepfluoro,subject02,033,branch_as_is,0.8090417783918391,0.13668026938386527,1.261525990158462,0.7265621968744668,0.1308036604271075,0.713819425447641,0.10206425766140644,0.08270267348650799,0.785088970969408,0.014169998918884503,0.12251027046498077,,,0.9057953780453423,0.09993925329673896,0.6620338174008713,0.2525017935083852,0.8499032093595738,0.7916945458074965,0,deepfluoro/subject02/033
deepfluoro,subject02,034,branch_as_is,0.8077126438269631,0.20235328024249505,1.3734691742991272,0.7242257651873342,0.11437584957929602,0.8043367245488876,0.1035940243410749,0.08433694877226118,0.7793595753483495,0.03929131843393627,0.16306196180855878,,,0.9018023319157636,0.13175261686506945,0.6599520538023407,0.2557008122458261,0.8058430581196663,0.7524092613560664,0,deepfluoro/subject02/034
deepfluoro,subject02,035,branch_as_is,0.7978683999266022,0.16769198286690595,1.360702007535234,0.7237323638000707,0.11754321822731917,0.7977921981643923,0.10828270090988008,0.08793387166472424,0.7772482411562778,0.041842403712288,0.12584957915461795,,,0.9069368013763038,0.12946593202468723,0.6566936154098229,0.2607074633090512,0.8131563984592312,0.7576592557621561,0,deepfluoro/subject02/035
deepfluoro,subject02,036,branch_as_is,0.8856989665942306,0.5866330189847738,0.8410648896839288,0.7265221348114546,0.1619119799333948,0.7933453413820842,0.07170001122929234,0.014945797597177046,0.5208603215475648,0.06304065214860502,0.5235923668361688,,,0.9032504893311057,0.04820994861654408,0.6448268272429987,0.2605028420650933,0.9028702519813967,0.8209339505564336,0,deepfluoro/subject02/036
deepfluoro,subject02,037,branch_as_is,0.8546833311653891,0.5456839510434878,0.9745615676251763,0.8014653670307316,0.1082608726666856,0.8117846906238205,0.08215053089822921,0.03766661393022949,0.6308905822791623,0.06521173477188252,0.48047221627160525,,,0.9095926426691786,0.061945128608714636,0.6812210055769703,0.2319210258974297,0.9064043728900778,0.8368476591151587,0,deepfluoro/subject02/037
deepfluoro,subject02,038,branch_as_is,0.903190516362292,0.5873764558729014,1.1519678492929102,0.8167485315695663,0.12411869278274652,0.8885212100113627,0.07152205159199738,0.03751060738502327,0.775297672310923,0.014113729835625172,0.5732627260372762,,,0.917624416183456,0.11067415888669706,0.7252918648076115,0.20680806218288478,0.8474347212857567,0.8216530782246224,0,deepfluoro/subject02/038
deepfluoro,subject02,039,branch_as_is,0.8871898050971072,0.6445834973015467,0.8445406706430079,0.7307802029602293,0.18567375542810116,0.8110581117126817,0.06843244989757669,0.017219382753912684,0.6036059869852471,0.10027401906036466,0.544309478241182,,,0.904239372323989,0.05577915672880573,0.6246493699758076,0.2813789902247705,0.9028643773783458,0.8115603788500649,0,deepfluoro/subject02/039
deepfluoro,subject02,040,branch_as_is,0.8554790172693805,0.546063661116683,0.9732237062804846,0.785671453102998,0.11900254591945604,0.8012436339622756,0.08245115047530674,0.037363885760231176,0.6224373967409695,0.07002443791916356,0.47603922319751946,,,0.9076711838149017,0.059039874731267546,0.6759298735193234,0.2366474164880453,0.9052029003959868,0.8324803569405985,0,deepfluoro/subject02/040
deepfluoro,subject02,041,branch_as_is,0.8708535924163321,0.562827112093622,1.0585979031177408,0.8468374776077477,0.08028884290890283,0.8471779712389801,0.08006166340138123,0.040835330100487024,0.6990989720302418,0.026124741554768797,0.5367023705388532,,,0.914896863390563,0.08345199219062134,0.7054283557596032,0.21768141484966316,0.8937109451599162,0.8466170950246714,0,deepfluoro/subject02/041
deepfluoro,subject02,042,branch_as_is,0.8992525502014654,0.5912187303113523,1.1510976043232812,0.8246799613948066,0.10668734195823502,0.8787823343427154,0.0745331574878137,0.039305685422217004,0.766989012402986,0.013575946864338653,0.5776427834470137,,,0.9174848558540856,0.10694224343170615,0.7227780382508664,0.20889648297790273,0.8526094313036519,0.824942452931777,0,deepfluoro/subject02/042
deepfluoro,subject02,043,branch_as_is,0.9273828721225051,0.5817017443945213,1.2979672596223917,0.7699437272864847,0.1302216502580758,0.8934642179839997,0.06947784004071518,0.03827238245680235,0.8285226727562183,0.0206238753205988,0.5610778690739224,,,0.9178591598626153,0.1256449595262302,0.7341020831195665,0.20260512080974127,0.7924014593421478,0.7782257470754419,0,deepfluoro/subject02/043
deepfluoro,subject02,044,branch_as_is,0.9425728436377028,0.6574785131024363,1.4073249151709313,0.7259773355973198,0.13543818588786813,0.8887661816517385,0.06968611658276751,0.03910678527187896,0.879056280646341,0.05281014743699779,0.6046683656654386,,,0.9234814387653234,0.1350007432795323,0.7451029623620389,0.19855137214240512,0.7425913792964633,0.7332995047739342,0,deepfluoro/subject02/044
deepfluoro,subject02,045,branch_as_is,0.9489268172084998,0.6489630829961087,1.453913409354426,0.7085032744698284,0.12476795986745227,0.8428122765769822,0.07377503338062448,0.042525093571175863,0.9117194467858414,0.10119988482272912,0.5477631981733796,,,0.9248624455540849,0.12996017546838157,0.751880150600208,0.19187321881560526,0.7169268153282687,0.709925071374274,0,deepfluoro/subject02/045
deepfluoro,subject02,046,branch_as_is,0.7170918177592019,0.5351148257122145,0.7729326487142212,0.7551289236723728,0.14414738095318788,0.7829288291603466,0.11040634918953657,0.05046948770393843,0.5085637331779003,0.00852813436673168,0.5265866913454827,,,0.9041796951880278,0.07735719294707587,0.6699108564898391,0.24967832636495083,0.900264597700662,0.8252794455148351,0,deepfluoro/subject02/046
deepfluoro,subject02,047,branch_as_is,0.8721117409885134,0.5632624253343927,1.1032035841940135,0.7711071268875873,0.1352819257078985,0.8923859846207518,0.08597486232001827,0.03795364412557966,0.7944758212664136,-0.021702944313670133,0.5849653696480629,,,0.9145776800138844,0.13406716282659675,0.7106391957420671,0.22519592825464638,0.7903795327180057,0.7648020693139682,0,deepfluoro/subject02/047
deepfluoro,subject02,048,branch_as_is,0.8092295339090829,0.5531804627524735,0.9654449320399927,0.8202184626392187,0.1080074314525022,0.8452357086345512,0.10026668413951921,0.046417755795857135,0.695760737217573,-0.032108939114723505,0.5852894018671969,,,0.911324441875186,0.1210861571649436,0.7005364668017677,0.23104742421742713,0.849258606292451,0.8118075903144735,0,deepfluoro/subject02/048
deepfluoro,subject02,049,branch_as_is,0.8546965324486376,0.5439784326809901,0.9592919430830456,0.7969115805571013,0.11343707425437825,0.8107061710125455,0.08198662335441363,0.03597247841413874,0.6196575472060588,0.0690987834834226,0.47487964919756753,,,0.9118499504173434,0.060183142009480675,0.6800850544763899,0.2337540764142991,0.9091915386444936,0.8372211732655555,0,deepfluoro/subject02/049
deepfluoro,subject02,050,branch_as_is,0.7425762398886582,0.5430649567228868,0.8931976200414611,0.8135586734147695,0.11000214781132094,0.8153442037708162,0.10819629210926254,0.050959455881179734,0.5886644420671818,-0.019411645874620177,0.562476602597507,,,0.9048385119254028,0.10228811693463734,0.6904675943904056,0.23198932769731243,0.8845713093097128,0.8334147804408127,0,deepfluoro/subject02/050
deepfluoro,subject02,051,branch_as_is,0.7156076610296259,0.5412788776496992,0.7698822041803329,0.7310388764562424,0.1500805603112416,0.7606907133116971,0.11768898810470134,0.053402653187248524,0.5001443993975098,0.015764390243277766,0.5255144874064214,,,0.9018234588401463,0.07508061021508748,0.6644323874747996,0.25429948694026044,0.8987794848475632,0.8206680268159469,0,deepfluoro/subject02/051
deepfluoro,subject02,052,branch_as_is,0.7945562708191526,0.6127928020456369,0.696304819155667,0.7486019380761968,0.15338663590856644,0.7975450947258683,0.09164010706095703,0.02755648942264087,0.44854735957586955,0.030688895634766244,0.5821039064108706,,,0.901885396579502,0.06393180429268236,0.6543624805735303,0.26692478697985267,0.9005615909841829,0.8191790812914891,0,deepfluoro/subject02/052
deepfluoro,subject02,053,branch_as_is,0.8104584030117428,0.6229673660856554,0.6280169124547054,0.7207571947216983,0.16377369121160776,0.7718221271068278,0.08991887706394092,0.02619330239513245,0.44974649087368823,0.04917996856784573,0.5737873975178096,,,0.9014040143471448,0.05926814958968045,0.6385665004299245,0.2723725177251746,0.9008362937948324,0.8186890301204731,0,deepfluoro/subject02/053
deepfluoro,subject02,054,branch_as_is,0.7990172020864548,0.597537232182614,0.5788984577918774,0.6985300509823309,0.19119461386198752,0.766712337584171,0.08822780519750018,0.026570128089072362,0.47833024642735494,0.07189625881966606,0.5256409733629479,,,0.9005616101675575,0.05784062254801592,0.6173629187368629,0.28050814144526964,0.9001546088263228,0.8136821322669076,0,deepfluoro/subject02/054
deepfluoro,subject02,055,branch_as_is,0.7881848974382483,0.5462663635831674,0.5597037290391984,0.6877397519866115,0.20758560037809098,0.762843273558647,0.08927215976977013,0.027690869612522994,0.5333860710631714,0.11443650324073443,0.431829860342433,,,0.895904674415914,0.06622664367102707,0.5616749216237599,0.30905355850727567,0.8944693543710885,0.7941330767616305,0,deepfluoro/subject02/055
deepfluoro,subject02,056,branch_as_is,0.8797921134923737,0.6195388457059487,0.7944014968342938,0.6962839372716964,0.19698213949679702,0.7900109361993706,0.06975595723882375,0.013804346947748417,0.557525225590881,0.07230483195851789,0.5472340137474309,,,0.9097454876558385,0.04192472026600514,0.6021748817518843,0.27633387719814156,0.909911927011016,0.8222179147655123,0,deepfluoro/subject02/056
deepfluoro,subject02,057,branch_as_is,0.8581769115678837,0.6087518142818967,0.6814210144388607,0.6692771824300812,0.22509758841080577,0.7852302070802682,0.0738971702665393,0.015175347362509342,0.5573852165495738,0.06458256477956989,0.5441692495023268,,,0.9006590833792725,0.0588282032258597,0.6129155750391109,0.2970487520968389,0.8992823416000484,0.7982739777236163,0,deepfluoro/subject02/057
deepfluoro,subject02,058,branch_as_is,0.9006322954612089,0.5943074246817689,1.1533537732294106,0.8181911766175282,0.11939337073822485,0.8830319787517711,0.07351440434862894,0.03881671312762527,0.7697740543331546,0.01439690824380946,0.5799105164379594,,,0.9174975058944468,0.10810272973444535,0.7235192797286734,0.20835468382793315,0.8502474750585017,0.8231096174420771,0,deepfluoro/subject02/058
deepfluoro,subject02,059,branch_as_is,0.8869669683592981,0.6104281485617178,0.7866102589414006,0.6837673298090566,0.1868353509133035,0.7694844868726197,0.07346191869339541,0.015031183221497118,0.5200093112269698,0.05610203796523084,0.554326110596487,,,0.8985944605828894,0.04712877936675661,0.6300724542150972,0.26794489333257865,0.8986949069652684,0.8175126159376167,0,deepfluoro/subject02/059
deepfluoro,subject02,060,branch_as_is,0.9539172510010191,0.606177165761308,1.4713294485975768,0.7302658480713327,0.10811212570923473,0.8673018301415931,0.06847132496186036,0.03736807983761633,0.8992306576000069,0.09334078608427791,0.5128363796770301,,,0.9287913496444452,0.11301035619064094,0.6977243960140703,0.2122620834146415,0.7390792693382953,0.7172354095729706,0,deepfluoro/subject02/060
deepfluoro,subject02,061,branch_as_is,0.9447311835444185,0.6270528664571624,1.374682591273237,0.7650353709350947,0.12173803634260191,0.9015084577784869,0.06573574477893317,0.03258194244292777,0.8553516770452178,0.06598776968896754,0.5610650967681948,,,0.9280975539075617,0.11848937158885448,0.6912845686139214,0.21634841178720066,0.7819187885851282,0.7581456802326673,0,deepfluoro/subject02/061
deepfluoro,subject02,062,branch_as_is,0.9196110490967898,0.6254723046298443,1.2249340010496939,0.8226419172873894,0.11292959166240678,0.892661743909772,0.06936166704018712,0.033408399016041264,0.7860357538707818,0.048622029894171796,0.5768502747356725,,,0.922214700637392,0.10278886807660932,0.6812073727865707,0.22204681317878547,0.8483061060256997,0.8160367670447733,0,deepfluoro/subject02/062
deepfluoro,subject02,063,branch_as_is,0.8896325910860512,0.6150202405721386,1.07958617218798,0.8558620934069919,0.08055060099395846,0.8569162405173983,0.07914957379581118,0.03886896485325286,0.6966132899916394,0.035523474083101775,0.5794967664890368,,,0.9189692846532174,0.08135215777757555,0.6732502526215746,0.22594688913583152,0.8981518707107541,0.8504326809713446,0,deepfluoro/subject02/063
deepfluoro,subject02,064,branch_as_is,0.8651797206388974,0.6086911168675923,0.9790584019794849,0.8013848320555927,0.10299964478449575,0.818386681119554,0.08198592760178004,0.03805024095217233,0.583102846594463,0.05115699637537411,0.5575341204922182,,,0.9086327977864763,0.06392398134768408,0.662434391222918,0.23126874915493587,0.9058375485375001,0.8423685725397323,0,deepfluoro/subject02/064
deepfluoro,subject02,065,branch_as_is,0.8860108610095428,0.6123754979000341,0.883787423672899,0.7067229801466636,0.16546702593216,0.7777566721328981,0.0763292062788793,0.019190618022935733,0.5104551000566875,0.05951771930147515,0.5528577785985589,,,0.9006825086012608,0.04865898769890482,0.6400220068062823,0.25560843407865547,0.9008463968610235,0.8212105693483454,0,deepfluoro/subject02/065
deepfluoro,subject02,066,branch_as_is,0.8941655539851138,0.6211389474487659,0.8154360097236582,0.684395171484729,0.18859482575944886,0.7737057119442458,0.07151365048929557,0.014336377110170035,0.5205992086707352,0.05768676661538639,0.5634521808333794,,,0.8979984523782695,0.04782625971074254,0.6300321719835936,0.26832145763518356,0.8980481289400768,0.8171485933528071,0,deepfluoro/subject02/066
deepfluoro,subject02,067,branch_as_is,0.8825425142430077,0.6163636334621492,0.7588099375438724,0.6666311225478977,0.21051428674964776,0.7722353560286701,0.07230867184359482,0.014453897278781797,0.5649080348397535,0.06701878234657119,0.549344851115578,,,0.8971370031070538,0.05250025124540521,0.6051573869774362,0.2895374580331029,0.8963996977853798,0.8027507642663992,0,deepfluoro/subject02/067
deepfluoro,subject02,068,branch_as_is,0.8879017290905568,0.6461811406096032,0.8443118249669779,0.7307788385078593,0.18478693395742452,0.8102452523099672,0.06838874344799283,0.017009698322201734,0.6027527945750695,0.10113781342901348,0.5450433271805897,,,0.904408678713492,0.05537852051383742,0.6249159935909389,0.28092084832437525,0.9031043052056583,0.8121734460751786,0,deepfluoro/subject02/068
deepfluoro,subject02,069,branch_as_is,0.852561075897813,0.5346331672577506,0.6911482758665606,0.6942198203490864,0.22672801585382818,0.7897883724311006,0.07855448570363747,0.016174735109444182,0.6785788249931534,0.12369735759826533,0.41093580965948523,,,0.9038689489482702,0.07158502354036896,0.5369747690424919,0.32414337022876344,0.9019019106623287,0.7854817336319107,0,deepfluoro/subject02/069
deepfluoro,subject02,070,branch_as_is,0.8537909135638343,0.6077849024948021,0.6986050004937279,0.6832458377504184,0.22853238548478896,0.7914148291359767,0.07706508939081928,0.017324563366981214,0.6359686335149674,0.11726638413055085,0.49051851836425125,,,0.9093902803889813,0.05694627952773768,0.5939361437763905,0.29436767696550115,0.9084428329087977,0.807011256801526,0,deepfluoro/subject02/070
deepfluoro,subject02,071,branch_as_is,0.8772826329439544,0.6352637081558495,0.8011024873446791,0.726235846392116,0.19196432175943984,0.8083190186446784,0.07130936216486812,0.018176349462558385,0.5969020524658937,0.10065456421288271,0.5346091439429668,,,0.9101296265904725,0.05351620612437543,0.627832306314929,0.2790470464564856,0.9091761620193861,0.817541011614487,0,deepfluoro/subject02/071
deepfluoro,subject02,072,branch_as_is,0.892052186969867,0.6024756969900116,0.8941531228537933,0.7506375161280631,0.15912905181958398,0.8133737405054966,0.07005195293095909,0.01658216280755054,0.5793944147469635,0.07782416984112515,0.5246515271488864,,,0.9100433716770624,0.05167228608705293,0.6512615458438166,0.26555003589591314,0.9085802024115527,0.821482044379989,0,deepfluoro/subject02/072
deepfluoro,subject02,073,branch_as_is,0.9138911211779053,0.6113563816609687,0.963601469955429,0.6850165646481193,0.2127048328801569,0.8250668335459082,0.06166001705443137,0.017585255035881327,0.44942593190090235,-0.012611905907032286,0.623968287568001,,,0.9125502018418747,0.044832853506716785,0.6432841907018646,0.25993602457101717,0.9146958354846491,0.84518961621279,0,deepfluoro/subject02/073
deepfluoro,subject02,074,branch_as_is,0.7572716978344834,0.19004273749608216,1.0836261014336992,0.6872348140428689,0.19921987596647603,0.7805501268038336,0.1054649318645785,0.07430813954513835,0.5691453177082253,-0.018388051549538018,0.20843078904562018,,,0.9059474828291586,0.06679327697820706,0.6445599523328985,0.2580480301894303,0.9024865977098213,0.8335339990615769,0,deepfluoro/subject02/074
deepfluoro,subject02,075,branch_as_is,0.8041032269781894,0.38308090960969937,1.2670823919913579,0.741411501982282,0.14450437502522379,0.7312304499726784,0.10014544390038872,0.07844205907645546,0.6889879017856101,0.01691816408685603,0.36616274552284334,,,0.8999318638593135,0.09226131205810836,0.6375644161240517,0.24992230485804848,0.8611218898057713,0.7918422264761475,0,deepfluoro/subject02/075
deepfluoro,subject02,076,branch_as_is,0.8654382578741753,0.4765795142872006,1.4173259559972997,0.757605609472606,0.10664918667581122,0.802918450017651,0.09120048631653774,0.07041160309864031,0.7614494698179893,0.05896142229210962,0.417618091995091,,,0.9116781619240311,0.10900187184732568,0.6535394340296283,0.242797233597133,0.8220806415981886,0.760676015809035,0,deepfluoro/subject02/076
deepfluoro,subject02,077,branch_as_is,0.9116147004124673,0.5769290671420274,1.5399471260916462,0.7466835459067499,0.09248076563459902,0.8753791085361461,0.07877222077747337,0.05959840538986096,0.8089301631191527,0.13611562076670175,0.44081344637532566,,,0.9258460735838726,0.11945223990841126,0.6671228875663069,0.2403516226581587,0.7773811998004886,0.7199030408416165,0,deepfluoro/subject02/077
deepfluoro,subject02,078,branch_as_is,0.9410017138625233,0.6595588240672814,1.5979785782436395,0.7063566601443081,0.13190698525566888,0.9165251398171338,0.06424295672950452,0.048133983657408605,0.8414328798586473,0.16898182695266226,0.4905769971146191,,,0.9348846853839268,0.13283463008659563,0.6846205222927525,0.234515163347213,0.7253686837775987,0.6756298630748153,0,deepfluoro/subject02/078
deepfluoro,subject02,079,branch_as_is,0.9548429195281769,0.6823891653886738,1.6780558486434172,0.6586476155181177,0.12598822474952656,0.9147701594085119,0.06154422644692263,0.045617699054216025,0.8578946347196654,0.21284895586090483,0.469540209527769,,,0.9370544792940205,0.13645631947344788,0.6940365488767495,0.22827812851035365,0.6669649698450546,0.6250004522378716,0,deepfluoro/subject02/079
deepfluoro,subject02,080,branch_as_is,0.8446511396045648,0.4888220728109374,0.8049376114823689,0.5898581041640479,0.3314743608311171,0.8022308571039491,0.067808154958297,0.01612022390546835,0.7342880762191831,0.13612703890069083,0.3526950339102466,,,0.8908747856207984,0.12254865944806898,0.32266379096737857,0.4114153289008158,0.8974611423123161,0.7519051241163,0,deepfluoro/subject02/080
deepfluoro,subject02,081,branch_as_is,0.8812546707946165,0.5102270547936612,0.8561303020717992,0.6043963839007088,0.3034374120073268,0.7990391303950708,0.06187402559730096,0.01341616512407593,0.7261144383426431,0.131366219726677,0.37886083506698415,,,0.9140365509192743,0.08268849000539127,0.4162759096676403,0.36504301729035943,0.9160168657246143,0.791293645130264,0,deepfluoro/subject02/081
deepfluoro,subject02,082,branch_as_is,0.7594376747981844,0.2077572920115175,1.0566454562336427,0.6975945891892462,0.18826162799626928,0.7760816282973669,0.10734801424046236,0.07627181380884705,0.5949964952058425,-0.015337243675561751,0.22309453568707924,,,0.9110482504672678,0.07002367483092274,0.655867861546665,0.24784986872473508,0.9070523759370503,0.8424290281216109,0,deepfluoro/subject02/082
deepfluoro,subject02,083,branch_as_is,0.9033208270533056,0.5558858506488785,0.8861087273174197,0.6054709670777444,0.2722346846411924,0.7819894838816454,0.06203607628486852,0.014113190588010685,0.7001358189232824,0.08834625401310196,0.46753959663577654,,,0.9110566206264318,0.0512758118473937,0.4954804339731438,0.31858589591864156,0.9110969240124628,0.8135533956804792,0,deepfluoro/subject02/083
deepfluoro,subject02,084,branch_as_is,0.9217992778472608,0.6159034988924472,0.9562266095709344,0.621267715165874,0.2432777320767243,0.7883284972724466,0.06027482810029443,0.015049363107570015,0.6472909233243977,0.05641504818418025,0.5594884507082669,,,0.9092960474483478,0.042133405199041386,0.5532732277709058,0.293088327487821,0.9096490900665063,0.8266968392431371,0,deepfluoro/subject02/084
deepfluoro,subject02,085,branch_as_is,0.9327281010847026,0.6474125481400909,1.0362254926760053,0.5932113861451018,0.25193204975784883,0.7870915139200244,0.05871441487765173,0.015346449946201752,0.5563075356768354,0.016537924168678022,0.6308746239714128,,,0.9074066867127093,0.04093914929509196,0.5842470867271682,0.2823391327141171,0.9081274060356381,0.8307368150500305,0,deepfluoro/subject02/085
deepfluoro,subject02,086,branch_as_is,0.9204119153697534,0.576463196099393,1.1126972154403372,0.5801891143397947,0.25514350891430004,0.7891602013577224,0.06549484414014996,0.02417538359619828,0.4916962827804989,-0.01408893149272501,0.5905521275921181,,,0.9090814591148741,0.04056340539778864,0.6178363432091841,0.2605974690034065,0.9110315942976519,0.8431854493132136,0,deepfluoro/subject02/086
deepfluoro,subject02,087,branch_as_is,0.7584013475245877,0.1588952586034123,1.2310470181015793,0.6828528015481976,0.18234940075133754,0.74448833182404,0.10870308822873803,0.08361346411565163,0.621995384974671,-0.028665863377621986,0.18756112198103428,,,0.9007327616315359,0.0742241253041101,0.6251192529756805,0.2562673816593279,0.8925491510513807,0.8283344052959525,0,deepfluoro/subject02/087
deepfluoro,subject02,088,branch_as_is,0.8280459346531133,0.36784894943072843,1.3709833338485433,0.7421799702022898,0.1268792442152965,0.7359082574440731,0.09413569328025989,0.07653876055120636,0.731960905084407,0.0032346941045214967,0.36461425532620695,,,0.8969876517526807,0.09784992333587851,0.6231867851674556,0.24849257285756463,0.8503114880491054,0.786168202563917,0,deepfluoro/subject02/088
deepfluoro,subject02,089,branch_as_is,0.8902789344963776,0.48686778294457217,1.5100137541483192,0.7587587443783932,0.0890946664183275,0.8334164029150346,0.08348931630077981,0.06632940065971642,0.7981854517592616,0.05620042328332341,0.43066735966124875,,,0.9113617337478109,0.11375562134584248,0.6412695998119828,0.2406601132862619,0.8131719028300478,0.7565148080878522,0,deepfluoro/subject02/089
deepfluoro,subject02,090,branch_as_is,0.9276111253395888,0.5623311576417892,1.5955206480992146,0.7367882069437041,0.10500655709209061,0.8842118296402104,0.07070900441092956,0.055330862960778875,0.8342013430982949,0.12109481010235594,0.44123634753943325,,,0.9236234101775175,0.12520871573068074,0.6587100670657842,0.2366193545783337,0.7666787278512471,0.7152742800600069,0,deepfluoro/subject02/090
deepfluoro,subject02,091,branch_as_is,0.9500684336100158,0.6681765671378895,1.6587166844251473,0.6999198831268773,0.1349808043047995,0.9137576282565606,0.06177993039031433,0.04699130149816928,0.8568011079850677,0.16033740773554256,0.507839159402347,,,0.9352044501486761,0.13477102646050695,0.6751172595713166,0.23120508476374552,0.7200455287513918,0.6743028623609548,0,deepfluoro/subject02/091
deepfluoro,subject02,092,branch_as_is,0.9576301416537867,0.703217491800133,1.7087268717223334,0.6606258625420957,0.12860711840681427,0.9058121005141142,0.062362086890119045,0.046082459411122045,0.8630129836053464,0.20326544255778908,0.49995204924234393,,,0.93939291033362,0.1376920508687549,0.6888120799719295,0.2255517998699042,0.6697871605321095,0.6311651551379897,0,deepfluoro/subject02/092
deepfluoro,subject02,093,branch_as_is,0.7308254182388734,0.13565102938566462,1.0360123326062554,0.7985296465366551,0.12077305743679265,0.8140623179013804,0.09844087434576827,0.0593279355527429,0.5469035782257743,-0.04426823484822553,0.17991926423389015,,,0.9080036599036178,0.07482270175100363,0.6440379046225205,0.25206297826728913,0.9053605490810535,0.8407060154692331,0,deepfluoro/subject02/093
deepfluoro,subject02,094,branch_as_is,0.7581394240265698,0.17354416870053038,1.2399891818618138,0.6844459785760899,0.18359607927138988,0.7435570860529647,0.10737677169102207,0.08350753326700375,0.6231634591791114,-0.028271293724995712,0.2018154624255261,,,0.8987966960345254,0.07571941803516438,0.6235277110896157,0.2570602161785764,0.8890425685532197,0.8245566313614681,0,deepfluoro/subject02/094
deepfluoro,subject02,095,branch_as_is,0.8883103978820494,0.4887273628629271,1.5039884774741399,0.7616894729346926,0.0897081605497815,0.8367768757425065,0.0821019525737728,0.06530982002148068,0.7945803666510552,0.05185734024461441,0.4368700226183127,,,0.9113622211609128,0.11412578096104428,0.6413837246497818,0.24121652772505284,0.8139461385098489,0.7569633022404662,0,deepfluoro/subject02/095
deepfluoro,subject02,096,branch_as_is,0.9321886812175652,0.6380019066945571,1.0321090396979988,0.5904688369094258,0.2580748745207589,0.7898721401548969,0.057588952558004634,0.015088048314619802,0.5482479708708965,0.013847219967907665,0.6241546867266494,,,0.9065220789992784,0.041022914873859485,0.5854407466203314,0.2817355563841567,0.9072771847842374,0.8299989568466326,0,deepfluoro/subject02/096
deepfluoro,subject02,097,branch_as_is,0.7984389285766113,0.5146531742838606,0.65845365572636,0.5963910518633259,0.32334033852100397,0.7921398648448795,0.0784883909133136,0.020617896553786437,0.6844672896118135,0.14148163717698625,0.37317153710687434,,,0.8941042509790613,0.12553201986745746,0.34356394064832696,0.41261599220350387,0.8986096797607847,0.7533868980634536,0,deepfluoro/subject02/097
deepfluoro,subject02,098,branch_as_is,0.7899893083765452,0.5041694433617298,0.6917407593349691,0.5924265948488484,0.35074435704300627,0.8061177166963541,0.07915336859820601,0.02018651943225542,0.6967148809029331,0.1740319896983261,0.33013745366340363,,,0.8732474681344905,0.15638362935709932,0.2515876632238,0.4475811348934707,0.8880908443672934,0.7289183985721973,0,deepfluoro/subject02/098
deepfluoro,subject02,099,branch_as_is,0.8083594549956415,0.49875824506899014,0.667300522049855,0.5994248125408564,0.3214290089315606,0.7926997483423526,0.07691065193929927,0.019162215880321527,0.685942245699562,0.13572961800999975,0.3630286270589904,,,0.8980368296424497,0.12125617294792088,0.34716799643173973,0.40862969913650904,0.903020266176514,0.7587216467314225,0,deepfluoro/subject02/099
deepfluoro,subject02,100,branch_as_is,0.830201677414243,0.5082200544012291,0.7000046494931336,0.6628769517872909,0.2761574613885486,0.8208858608582565,0.0673135517220202,0.017119497536627126,0.6778223302124853,0.1172927267194117,0.39092732768181737,,,0.9153229946536805,0.08324829366368182,0.4452574429812395,0.3611235047949151,0.91639305113566,0.7938324282805844,0,deepfluoro/subject02/100
deepfluoro,subject02,101,branch_as_is,0.8655303759321992,0.57433999586848,0.7632047826410556,0.7046449277902268,0.21707803195090383,0.8158866104774647,0.06719154336938626,0.016547549863974446,0.6544544968204814,0.0922571123705176,0.48208288349796236,,,0.9155645116697807,0.05289163879545037,0.5350102168989461,0.3111277013424639,0.9154085996083933,0.8203644964308718,0,deepfluoro/subject02/101
deepfluoro,subject02,102,branch_as_is,0.8935011772623198,0.6201061843558617,0.8431103915076039,0.7106460840970119,0.19744740508868416,0.8150940554955574,0.06471760114641964,0.016919573997383246,0.6082293063336119,0.06324870718659735,0.5568574771692644,,,0.9132514070446527,0.04560093534892232,0.5912037489339375,0.2847771911333366,0.9139155740074131,0.8329237598856036,0,deepfluoro/subject02/102
deepfluoro,subject02,103,branch_as_is,0.9124740725982594,0.6530085078785789,0.907780435703013,0.6939950129554182,0.19739796524798742,0.8125353113775187,0.0639701614757014,0.01611961629981899,0.535069027533213,0.02637583121985872,0.6266326766587201,,,0.9128076084804045,0.04460590469827929,0.6251312913731986,0.26930530166771643,0.9144502602666176,0.8416930482884533,0,deepfluoro/subject02/103
deepfluoro,subject03,000,branch_as_is,0.940308165783654,0.7169042127360307,1.2155101423142867,0.8529586857070327,0.12634671531927574,0.9041484127419952,0.04957304704181411,0.015281153283989393,0.7057439743532945,0.07667561517916316,0.6402285975568676,,,0.9409090976353783,0.06672171812951973,0.8140670661164011,0.1335609184357484,0.9433136842203171,0.899929833601712,0,deepfluoro/subject03/000
deepfluoro,subject03,001,branch_as_is,0.9468387469390424,0.7028583632028259,1.2912513130599672,0.8677133004429761,0.11355038947937988,0.9093678490770394,0.046161455725147696,0.014644053201539059,0.7373221075542262,0.07154795923326665,0.6313104039695593,,,0.9426866129948809,0.06035499900943826,0.8179690846519261,0.12619531843273005,0.94420736504964,0.8983753313929552,0,deepfluoro/subject03/001
deepfluoro,subject03,002,branch_as_is,0.93223955339934,0.716819689492418,1.1587233567989392,0.8348069151140489,0.14275148300177828,0.8967964140727085,0.05342278549882093,0.0164710348191265,0.6715531901394404,0.071539012433178,0.6452806770592401,,,0.9356152062412343,0.07558530940550447,0.8061999751045854,0.14330787263200245,0.9391183911770008,0.8972870905543777,0,deepfluoro/subject03/002
deepfluoro,subject03,003,branch_as_is,0.9192174132950771,0.7098051354469089,1.0489536393273013,0.7642891517918777,0.21279404949579292,0.8796295496811579,0.06232368302183419,0.01687513260853093,0.6520977145864992,0.0674353308770507,0.6423698045698583,,,0.9268134772644888,0.09307020783400932,0.7896462348667438,0.16175394281591715,0.9320320238618205,0.8881485957045399,0,deepfluoro/subject03/003
deepfluoro,subject03,004,branch_as_is,0.9162543200967167,0.6974964291663664,1.0495750756649098,0.7648166031875377,0.20781342250504084,0.8765418406961248,0.06430524025808733,0.01825648066397332,0.6432737190268625,0.0627485990574956,0.6347478301088708,,,0.9264986620711539,0.0921244473571679,0.790826432752442,0.1606550834053059,0.9316141440407766,0.8881147360304424,0,deepfluoro/subject03/004
deepfluoro,subject03,005,branch_as_is,0.937937115983739,0.7038659434168331,1.0981214728114224,0.6269069973095033,0.2928356671007066,0.8501873143841735,0.06388893238552273,0.014811215156552418,0.6852789820185399,0.03625080055817771,0.6676151428586553,,,0.9180646735567546,0.10902386216662714,0.7689167717741876,0.18279289625304593,0.9248298792430987,0.8775813571289708,0,deepfluoro/subject03/005
deepfluoro,subject03,006,branch_as_is,0.9076722035722667,0.6842899388578934,0.967412724796934,0.6504731530846988,0.2936817582911641,0.8515027017284003,0.07296125645796772,0.01720841389884802,0.6696581428415391,0.049441406557055846,0.6348485323008375,,,0.9150952375278001,0.11164687921379526,0.7755964593447552,0.1785014681024905,0.920883851053786,0.8745948909084873,0,deepfluoro/subject03/006
deepfluoro,subject03,007,branch_as_is,0.9420767113847274,0.6428191764468744,1.1952218578789942,0.830177743495326,0.16932134059600254,0.8962681435484339,0.053030945464288104,0.013180812389197195,0.7500713488135552,0.1000409874097481,0.5427781890371263,,,0.9376766915213778,0.08720115049591565,0.8003523638209126,0.14872648039109765,0.9402327284391353,0.889500963557794,0,deepfluoro/subject03/007
deepfluoro,subject03,008,branch_as_is,0.9400327799372081,0.6399697130185396,1.1740164048682313,0.8187139665354493,0.18029851069213812,0.8915632833427862,0.0540463629392429,0.013359217486375538,0.7495468862507783,0.10259006193936661,0.537379651079173,,,0.9364745906118783,0.08833230439921635,0.7989580363070026,0.1505942770171216,0.9394854659797731,0.8889596513598257,0,deepfluoro/subject03/008
deepfluoro,subject03,009,branch_as_is,0.9307322071300724,0.583317112824894,1.2031967355940347,0.81987962907639,0.17259546091101702,0.8852078353718689,0.058923094983352665,0.01498526567264377,0.749301079792641,0.09437174189511416,0.4889453709297798,,,0.933479757347062,0.08571480955569007,0.7957157673896331,0.14750142870171776,0.9351593876973694,0.8805661051443314,0,deepfluoro/subject03/009
deepfluoro,subject03,010,branch_as_is,0.9234237350853581,0.5638732932818747,1.2243635532126358,0.8299834071919654,0.16526166847740065,0.8908461708268742,0.061253433847487444,0.016845447580821564,0.7360537806295115,0.08497395157463686,0.4788993417072379,,,0.9365884874786623,0.08170568626964057,0.8005090371092551,0.14448668827973143,0.9379507299681089,0.8807790642801372,0,deepfluoro/subject03/010
deepfluoro,subject03,011,branch_as_is,0.928237791853846,0.5895179090233739,1.2340425553367487,0.8321113097257934,0.16784158681475028,0.8989260840806129,0.059299100821813916,0.01626915759972335,0.7407731825051495,0.08345073691869644,0.5060671721046774,,,0.9396561616281932,0.08277345019066276,0.8059147217091082,0.14433770327742942,0.9410358055624614,0.8871659279113876,0,deepfluoro/subject03/011
deepfluoro,subject03,012,branch_as_is,0.921801636162886,0.5639955810014223,1.2429457581049972,0.8334298205862436,0.16203926430108428,0.8939532777292077,0.06216377583620851,0.01696035303287197,0.7385173323758202,0.07991040827061974,0.4840851727308026,,,0.9385098520831399,0.08156001235781808,0.8050387806029462,0.14389647760473123,0.9395594814451255,0.8835354157896408,0,deepfluoro/subject03/012
deepfluoro,subject03,013,branch_as_is,0.938646572494377,0.7183027694495155,1.0992529999042693,0.6747557921094733,0.27714669567145395,0.8714870058157395,0.059960681949804556,0.013879528985830976,0.7023758182749528,0.054132669415475905,0.6641701000340396,,,0.9235072026622011,0.10539858778529768,0.7864450571008375,0.17142813834077011,0.9289859152534024,0.8850541510580213,0,deepfluoro/subject03/013
deepfluoro,subject03,014,branch_as_is,0.9170457417442452,0.5434593749657709,1.2451223978333914,0.8323100556881541,0.16428732664704007,0.8913739752208558,0.06323641747697706,0.017624143328510845,0.7354269406007871,0.07193212011472304,0.47152725485104785,,,0.93774281746688,0.08062121484538198,0.8046646410509073,0.14356613373648935,0.9386101404465946,0.8801055418912803,0,deepfluoro/subject03/014
deepfluoro,subject03,015,branch_as_is,0.9349140371070171,0.5725934513388317,1.147648510308378,0.8188096977332127,0.18636005568006694,0.8823547805982711,0.0558092211084083,0.011150141870831829,0.7885093391166509,0.10007806778981893,0.47251538354901274,,,0.9299272574905822,0.10229181769765688,0.8031173971999855,0.15485771871782653,0.9305377237677868,0.8792134961896102,0,deepfluoro/subject03/015
deepfluoro,subject03,016,branch_as_is,0.9484274606296886,0.5127128431903811,1.2782725027424384,0.8460992604062266,0.13521257851572135,0.8971201372239839,0.0515990563307593,0.01740878723515455,0.8327260423863881,0.08673128134587892,0.4259815618445022,,,0.938827643075486,0.06505998760158284,0.8705301311703876,0.0930522622785004,0.934703316897294,0.8793981353164089,0,deepfluoro/subject03/016
deepfluoro,subject03,017,branch_as_is,0.9319175949783196,0.5113168953999537,1.1304462557930177,0.79202180531611,0.19330239715705544,0.8701146087256777,0.05630490636485773,0.015425967898484664,0.8212988509704156,0.11463846939150903,0.3966784260084447,,,0.9250357979963925,0.0905819837267371,0.8370128158528859,0.12422091434845817,0.9226216795529681,0.8759914047429302,0,deepfluoro/subject03/017
deepfluoro,subject03,018,branch_as_is,0.9327419760968649,0.7120906804141593,1.0611181586840719,0.67827953693692,0.26557098616709357,0.8618889367387126,0.06428625932079358,0.014802111348190304,0.6962918182445241,0.047884776727653004,0.6642059036865063,,,0.9200747111414246,0.10722931977641988,0.7789620200827705,0.17592781040322272,0.9261012547075073,0.8801669796834536,0,deepfluoro/subject03/018
deepfluoro,subject03,019,branch_as_is,0.9357966115937031,0.7054662477921151,1.0788935733006753,0.6311078626632293,0.30564333942188227,0.862377797579127,0.06181262246401828,0.01377043093595229,0.703762953525142,0.04854356370690055,0.6569226840852145,,,0.9204483048342702,0.1087078462950172,0.7839364041370069,0.17400743979504035,0.9260169642550001,0.8816606762710526,0,deepfluoro/subject03/019
deepfluoro,subject03,020,branch_as_is,0.9323832511544942,0.7072946440434142,1.0489663504887135,0.6509673094746926,0.2910712098277664,0.861345072445392,0.06327214857127324,0.013753738059487779,0.6960982740336998,0.04862807397781848,0.6586665700655958,,,0.9182294869121254,0.11020924666223579,0.7793453373984002,0.17692809651514885,0.9241811841667907,0.8787236409624143,0,deepfluoro/subject03/020
deepfluoro,subject03,021,branch_as_is,0.93077572559194,0.6963224865687302,1.0518759290928341,0.6419409871975428,0.2986322140148049,0.8589271592601735,0.06326503654986854,0.013523286820423778,0.6979898024689352,0.0474308646674216,0.6488916219013086,,,0.9171062231978756,0.11004090970538419,0.778724498763964,0.17627221252763356,0.9229873126949356,0.8771773184990144,0,deepfluoro/subject03/021
deepfluoro,subject03,022,branch_as_is,0.9315102050494866,0.688591138276285,1.0714439234495174,0.6324238031682355,0.3042669687086022,0.8570917804104197,0.06374061363060478,0.013609686119688777,0.7069334122735159,0.04958791173794465,0.6390032265383404,,,0.9188886254058207,0.10825326117873951,0.7833191961354968,0.17263518033125802,0.9244400681128353,0.8795339361817969,0,deepfluoro/subject03/022
deepfluoro,subject03,023,branch_as_is,0.9384335818961168,0.7155718486721004,1.2055577929650985,0.8476958161379832,0.12995057926327852,0.9010859735211875,0.05046621442795755,0.0154510553169526,0.7035934921500708,0.07424658855466197,0.6413252601174385,,,0.9396715777695427,0.068083461697178,0.8114420755864243,0.13561676639710693,0.9423539254148009,0.8987107423931356,0,deepfluoro/subject03/023
deepfluoro,subject04,000,branch_as_is,0.9666274469109215,0.3380742685500149,1.5235858038515513,0.7876980410792453,0.10859650422583783,0.8037999091700735,0.05361401749720259,0.015856139197822243,0.9228527067892184,0.03250396487784471,0.3055703036721702,,,0.8805564441727706,0.11498479838874291,0.7972287894127338,0.16050916434463552,0.8256258939990552,0.7888551468210153,0,deepfluoro/subject04/000
deepfluoro,subject04,001,branch_as_is,0.962574632539745,0.40314597026169496,1.5464383484309663,0.7959648711734798,0.1007702478481694,0.7932165635047719,0.05798896167339872,0.01716219641768436,0.9202772837492158,0.044549795322074946,0.35859617493962004,,,0.8948567810309416,0.0991818716542633,0.7750844102865092,0.1811724044181634,0.820896237045105,0.7717838844514598,0,deepfluoro/subject04/001
deepfluoro,subject04,003,branch_as_is,0.9748868922757155,0.4724343650120961,1.6456736922490784,0.7658696307403069,0.10688171780131774,0.6463008780828516,0.05645314780825244,0.024521880179763936,0.9348865570555256,0.16883841035301606,0.30359595465908007,,,0.9021863258851974,0.10767182104027868,0.8108809900911305,0.14614342960541024,0.77718037708148,0.7439253106983237,0,deepfluoro/subject04/003
deepfluoro,subject04,005,branch_as_is,0.9550027805343657,0.37292010107545803,1.4299130984473323,0.8259496296004338,0.10486199722501459,0.8288115248684744,0.057962858037844574,0.01412703784323271,0.9116620489343493,0.030919676531289415,0.3420004245441686,,,0.8872379313194995,0.1006426559054372,0.7568921807471022,0.18678793838426125,0.8500330706022298,0.799035529971826,0,deepfluoro/subject04/005
deepfluoro,subject04,006,branch_as_is,0.93893999583977,0.3962845354822189,1.2877666802636067,0.8523411263789119,0.11223125297669617,0.8559102259652729,0.061561815635397095,0.012466509003282862,0.9043654372219133,0.038658886678086535,0.3576256488041324,,,0.8875568062003371,0.1031639939851516,0.7489104114423556,0.18963255221224695,0.8806129473247993,0.8283572177099623,0,deepfluoro/subject04/006
deepfluoro,subject04,007,branch_as_is,0.8878130781018384,0.45150655241599214,1.0164691060941964,0.8023227861077861,0.12022755937989538,0.8204070402457132,0.08783184967739928,0.02328065081326049,0.8718634919159133,0.07811780099744564,0.3733887514185465,,,0.8883733338264468,0.10034455470364417,0.7135142053163921,0.21908428658105067,0.8908173770612954,0.8289395706403292,0,deepfluoro/subject04/007
deepfluoro,subject04,008,branch_as_is,0.9437394616020557,0.4888707429527223,1.1885871370643393,0.7069334123970558,0.1430261532609924,0.7987472447024805,0.060319709023256445,0.00846890810874172,0.724083476865018,0.03419584317212829,0.45467489978059406,,,0.8899590438198961,0.05724428194855851,0.6911553909363042,0.2344820522679154,0.891097600211218,0.8070363086600078,0,deepfluoro/subject04/008
deepfluoro,subject04,009,branch_as_is,0.9396296821423602,0.5100285813114509,1.1637911054347063,0.8188318402538441,0.08954612033278121,0.8421762492715733,0.055368863514569,0.009350261917047875,0.6839506040772357,0.04810418051301586,0.46192440079843505,,,0.892016780305938,0.056179053054707946,0.6874091088934952,0.2353676055588986,0.8927373866564965,0.8074684576376174,0,deepfluoro/subject04/009
deepfluoro,subject04,010,branch_as_is,0.9382106255085142,0.4894172274712098,1.2651846273557317,0.8665101624283168,0.08964712334707753,0.8745397675572372,0.052657544319043174,0.00944179132511607,0.7340818458526895,0.06572091502100183,0.423696312450208,,,0.8975044263579316,0.08254242954115174,0.7124339594736477,0.20045057648587103,0.8927513440027368,0.8387464024858604,0,deepfluoro/subject04/010
deepfluoro,subject04,011,branch_as_is,0.9533801532219827,0.46623108370875666,1.4254343817095356,0.8608374446138043,0.09306252289148376,0.8704819679588242,0.05290107238696369,0.012625307564497784,0.8104090026622921,0.06510352884527819,0.40112755486347845,,,0.9034238164320677,0.0869913570765905,0.7281785196628984,0.19218917602516106,0.8876195162381906,0.841143015071956,0,deepfluoro/subject04/011
deepfluoro,subject04,012,branch_as_is,0.9693354515419668,0.5669862466941602,1.5821931537823148,0.8605863954508782,0.0824202348888807,0.8603467908054194,0.05098388583162945,0.01446384997819913,0.8632168011878594,0.08041810095519607,0.4865681457389641,,,0.9159977857204946,0.08452686301017737,0.7349402094682375,0.1885578697514423,0.8854013715348205,0.8289554990226596,0,deepfluoro/subject04/012
deepfluoro,subject04,013,branch_as_is,0.9459941809592867,0.46223664256254615,1.2153941057230386,0.7202403564375253,0.1310205965718408,0.7966846415279812,0.058785046347164235,0.009530994093773183,0.7877398011655488,0.04629305718209114,0.415943585380455,,,0.8836702211675932,0.060964496833638346,0.6932525016309513,0.23274449003426267,0.8845936262014318,0.8004502296144826,0,deepfluoro/subject04/013
deepfluoro,subject04,014,branch_as_is,0.9442318957296922,0.4617313050520886,1.1944086117601616,0.7144862767270472,0.1307105716476352,0.786473581030255,0.0611399174044085,0.010005221194146407,0.8199753845606444,0.034128523759859745,0.42760278129222884,,,0.8793726958457709,0.06616108345410177,0.6981840138906916,0.23092403526021466,0.8797004413132128,0.7964488558122707,0,deepfluoro/subject04/014
deepfluoro,subject04,015,branch_as_is,0.9445694356877102,0.4816789897178338,1.1751735752518617,0.733519958302816,0.12646240270411982,0.8012367356624417,0.05922413183454869,0.010307560931385285,0.8228961511536855,0.04803415773369889,0.4336448319841349,,,0.882500410422148,0.07026589916083555,0.7070096937962304,0.2284510902887653,0.8827765263172885,0.8005623818766624,0,deepfluoro/subject04/015
deepfluoro,subject04,016,branch_as_is,0.9378501292864416,0.4556201039860857,1.1093010620730925,0.7175445376685078,0.13078280372694334,0.7910257894874845,0.06565949212658725,0.013361464096908372,0.8148726210197891,0.06195776816351523,0.3936623358225705,,,0.8792120230798609,0.07295595031788511,0.6983679255320423,0.23415687945926525,0.8787157578709403,0.7950506715070454,0,deepfluoro/subject04/016
deepfluoro,subject04,017,branch_as_is,0.9266893229618887,0.4191458536930251,1.0463715126088058,0.7184607993057658,0.13215205173805447,0.7890527720161143,0.07215058771909955,0.016904348574293442,0.8292133678784647,0.09948237925470901,0.3196634744383161,,,0.8780765071215898,0.07160567682808955,0.6556093750723334,0.2518100360727549,0.8761349786094559,0.7831010163395844,0,deepfluoro/subject04/017
deepfluoro,subject04,018,branch_as_is,0.9156986634122812,0.37942793124713425,1.0345444551709693,0.7250973139740657,0.13135967885105304,0.7861714260980593,0.07934526804076011,0.020383082535623334,0.8552920740837741,0.13448348333166946,0.2449444479154648,,,0.8817840651717584,0.06715548676225735,0.5989432352955015,0.2724029336049248,0.8785680831585009,0.7742835400722163,0,deepfluoro/subject04/018
deepfluoro,subject04,019,branch_as_is,0.9424635294385165,0.4975072745357464,1.17496593228539,0.7045494079660374,0.14639156876481305,0.8003152262196439,0.06028209856519364,0.008470480026742559,0.7242932845607865,0.036850441118548266,0.4606568334171981,,,0.8922893401691543,0.05854872806192383,0.6948012390656017,0.2311868476430633,0.8934987636163179,0.8115619621046056,0,deepfluoro/subject04/019
deepfluoro,subject04,020,branch_as_is,0.954606167586779,0.4696349304170629,1.429199780689902,0.8604696042527025,0.0888760288897714,0.8685956712602626,0.05217712221913761,0.012257586478593298,0.8080393860463404,0.06633068152307468,0.4033042488939882,,,0.9015018883734981,0.08550296727932746,0.726056059168061,0.1931661147363998,0.8851307838049317,0.8372719243038983,0,deepfluoro/subject04/020
deepfluoro,subject04,021,branch_as_is,0.9448232154230947,0.47472467387836165,1.178037570297783,0.7353806964176713,0.12402884930943033,0.7981903816857856,0.0594648941498267,0.010171914976041497,0.8222913180818774,0.051273756968265735,0.4234509169100959,,,0.883608812093004,0.07069566806206186,0.7089401083138642,0.22508927334954296,0.8841393018389864,0.8035654001969779,0,deepfluoro/subject04/021
deepfluoro,subject04,022,branch_as_is,0.9574405385875046,0.41344527461869346,1.534903267525104,0.7571287754534588,0.0927494035253,0.7435904232261507,0.06488555450126206,0.02677052655283959,0.9123982399407958,0.05340121219962613,0.36004406241906733,,,0.8795874607593017,0.09245668858729036,0.7479904867407287,0.20421930280934586,0.7826351559696492,0.7283834269013727,0,deepfluoro/subject04/022
deepfluoro,subject04,023,branch_as_is,0.883081572428031,0.4381108777914389,0.911249853460043,0.8329278494993224,0.0858336266037228,0.8281647244800244,0.06926950300603893,0.015137826164624647,0.6921514713456991,0.09413328737404983,0.34397759041738907,,,0.8854563210145023,0.07950360883381946,0.7519476054286224,0.20274723509932438,0.8763189904190096,0.8044419952429195,0,deepfluoro/subject04/023
deepfluoro,subject04,024,branch_as_is,0.9435235615207508,0.5038457213301002,1.2266493583659206,0.7764904218008046,0.12011647368687048,0.8247744883878552,0.05924450508872381,0.02214658398588563,0.6835655314857655,0.052414603595803654,0.45143111773429656,,,0.8812531207928007,0.05219535829286064,0.6157351472227441,0.28341806498372196,0.8786945230637137,0.7500048407960956,0,deepfluoro/subject04/024
deepfluoro,subject04,025,branch_as_is,0.8930685323068374,0.4732613836266469,0.9290599505249844,0.8324821409538444,0.08404729151326054,0.8412843834675996,0.06260719985576044,0.010025943967841061,0.6931552529674481,0.07777859882192145,0.39548278480472543,,,0.8882323828317168,0.05638215036691418,0.708605758000758,0.24477190609215146,0.8843670921497951,0.7817075220395473,0,deepfluoro/subject04/025
deepfluoro,subject04,026,branch_as_is,0.916093022184466,0.46980283614124074,1.039558306996124,0.7186502549866384,0.150728191835936,0.8056081143006404,0.06618120343007065,0.012783261271673022,0.6944205443813481,0.04679093256378565,0.4230119035774551,,,0.885115836574766,0.05154836929045815,0.6633024728270612,0.2765416107703961,0.8811908859879145,0.7570524087597393,0,deepfluoro/subject04/026
deepfluoro,subject04,027,branch_as_is,0.9297451299029129,0.48751395237954065,1.106188291797803,0.7171514644222309,0.1615914837869373,0.8217897179093862,0.060368514256802674,0.016111286028023947,0.7016896717365148,0.03497687491856113,0.45253707746097954,,,0.8906066568758684,0.04831784027749487,0.6367923639698931,0.2841862490336964,0.8876233717430951,0.7574755718698387,0,deepfluoro/subject04/027
deepfluoro,subject04,028,branch_as_is,0.9319818529337976,0.4918894965015902,1.1208687840288698,0.7185651621354346,0.16058384029590433,0.821191577623392,0.060794233803587595,0.018153043754689086,0.6961288582058605,0.036701150984784,0.4551883455168062,,,0.8910945593703349,0.04791647880640471,0.6316337541455406,0.2836591677159449,0.8884974216691338,0.7584187358806453,0,deepfluoro/subject04/028
deepfluoro,subject04,029,branch_as_is,0.9165937883301996,0.4211787643452128,1.0733071537507022,0.7774925399927185,0.1269822063353173,0.8204882738159819,0.0649942178702031,0.01970126619520305,0.6868678896866021,0.08992362862181641,0.3312551357233964,,,0.873833307796036,0.0529471500151011,0.5955141065059436,0.29432960151755144,0.8716301923334269,0.7383042064067775,0,deepfluoro/subject04/029
deepfluoro,subject04,030,branch_as_is,0.9217866962606356,0.4800951092154318,1.0558009855327244,0.7179171540062652,0.15474866570274476,0.810212265632621,0.06475876880472657,0.016326110045452775,0.6929999865366246,0.04387236184647641,0.4362227473689554,,,0.8897116497156136,0.046765676863854445,0.6490962046964052,0.2735075317118523,0.8880977202549182,0.7664191824568509,0,deepfluoro/subject04/030
deepfluoro,subject04,031,branch_as_is,0.9144772249854397,0.52634503320929,1.0353660940755296,0.7138752790191228,0.16160494337695944,0.8096094703107202,0.06720168101677239,0.01842629586391255,0.6589204131346966,0.06865574335352094,0.4576892898557691,,,0.8887561823386249,0.048909574826555884,0.6436171602847903,0.27667247913153686,0.8873631290624869,0.7643978769940528,0,deepfluoro/subject04/031
deepfluoro,subject04,032,branch_as_is,0.9167155901546223,0.5373193899074196,1.0795376217233816,0.8588738735766417,0.07887485714923481,0.8633169376731524,0.05790000637981991,0.015433198244134723,0.6136771415079653,0.06509108183824795,0.4722283080691716,,,0.8928184850136596,0.05107540114396145,0.6412291793035716,0.2794059434925086,0.8909686913611714,0.7635295832242969,0,deepfluoro/subject04/032
deepfluoro,subject04,033,branch_as_is,0.9394349669682978,0.5475090775800805,1.281732516430614,0.892952605425872,0.055976853208287554,0.8917868360998991,0.05041088730801953,0.013552995103324797,0.5975417742291854,0.05205504923464998,0.4954540283454305,,,0.907329121000264,0.056512766522808414,0.6831511187801371,0.2297552070845383,0.9059214131287462,0.8110389497029922,0,deepfluoro/subject04/033
deepfluoro,subject04,034,branch_as_is,0.9550903924026001,0.5596513960073991,1.4727155721832914,0.8918100133701451,0.06787604404618428,0.8830455453974868,0.05131571981046496,0.013121315979338214,0.6947787986150717,0.06158233595299101,0.4980690600544081,,,0.915228836898977,0.058865883919579164,0.7079916171582915,0.2167751507662316,0.908729299128505,0.8223065731539019,0,deepfluoro/subject04/034
deepfluoro,subject04,035,branch_as_is,0.9644167996584116,0.5344584868666424,1.5400673372981502,0.8489556096732639,0.07131121539911413,0.8667069517464198,0.05318723477458714,0.02080087106312996,0.7677298017705292,0.0677278585314513,0.46673062833519113,,,0.916036282574496,0.07605742686211009,0.7385423880461738,0.1933906763144528,0.843510082901632,0.7860515334048939,0,deepfluoro/subject04/035
deepfluoro,subject04,036,branch_as_is,0.9741741696585443,0.5624830313711265,1.5704253611318653,0.7967979047615126,0.0782889687988981,0.8502251147172005,0.05314508935738995,0.02255428655590909,0.8065280489543772,0.07722286362301163,0.4852601677481149,,,0.9164035537626949,0.08253443501798798,0.7558295198225594,0.1772016639480963,0.7660175896512643,0.7209385816345686,0,deepfluoro/subject04/036
deepfluoro,subject04,037,branch_as_is,0.9212836949304674,0.5252163948231807,1.068501428432464,0.7487590586152877,0.15473222119720614,0.8372573432135341,0.061777793920531704,0.019031538221776095,0.7321924717933483,0.142687523289946,0.3825288715332347,,,0.9028810647252776,0.0476781202717321,0.6493116850607389,0.2822539076280252,0.900828813385519,0.774878713617962,0,deepfluoro/subject04/037
deepfluoro,subject04,038,branch_as_is,0.901129715762456,0.46246723192490574,0.9488147893388227,0.8344740476829065,0.09227677572169139,0.8447761601448236,0.06158563667645168,0.015546608508414623,0.7363832975116988,0.1304271801207343,0.33204005180417145,,,0.8847055615421157,0.05110610897633571,0.6426613483998326,0.276654715682133,0.8826341776226245,0.7627203160346758,0,deepfluoro/subject04/038
deepfluoro,subject04,039,branch_as_is,0.9220599783681005,0.5029582080130828,1.0910497008568878,0.8791700403098414,0.06535372810713881,0.8759393736639223,0.05430035580791308,0.012020079326692419,0.6584905755261605,0.11065052508408829,0.3923076829289945,,,0.9026336733868002,0.04893079445663345,0.6707991384971,0.2664480130001403,0.8990230404440847,0.7771407741268572,0,deepfluoro/subject04/039
deepfluoro,subject04,040,branch_as_is,0.9471703159366048,0.5234056132014587,1.3225528653749197,0.8953139593790727,0.06523408792886386,0.8933476216378714,0.04938567244690657,0.011604855001120448,0.6674813713470483,0.09125373726827236,0.4321518759331864,,,0.9174720443358076,0.058499444116264294,0.7261176124074293,0.2172452523907239,0.9119845768712113,0.8255360218970695,0,deepfluoro/subject04/040
deepfluoro,subject04,041,branch_as_is,0.9604623544579081,0.5199899069659568,1.4721375265535026,0.8922048277403022,0.07678491349189279,0.8821236547896253,0.04925784030931246,0.01310676019370165,0.74955582611162,0.06472542169208814,0.45526448527386865,,,0.9198540748217362,0.07348315965146593,0.7608887835890982,0.19032541445485845,0.9021545974505694,0.8413888954543878,0,deepfluoro/subject04/041
deepfluoro,subject04,042,branch_as_is,0.9680986341709609,0.5156730682709859,1.5198613354164214,0.8518755091911974,0.0728905262555064,0.872555284628139,0.04952411711233704,0.01668245568881785,0.7934247559728254,0.045903752059772804,0.4697693162112131,,,0.9146995693043393,0.08547717751380533,0.7785818205865983,0.1732277091688022,0.8387526651291116,0.7960409491067163,0,deepfluoro/subject04/042
deepfluoro,subject04,043,branch_as_is,0.9755072144013325,0.5393137525749331,1.5468186489596372,0.7924095957616726,0.09413331753975325,0.8536752234233373,0.05145112984278151,0.019928487261095324,0.825125367656001,0.06800215104329123,0.47131160153164187,,,0.909258632377743,0.09925130312797324,0.7985703611707441,0.15129775095469783,0.7575166606511445,0.7327092890862816,0,deepfluoro/subject04/043
deepfluoro,subject04,044,branch_as_is,0.9803660448886403,0.5602610372232462,1.5697487154897458,0.7503080604036613,0.10331150575017992,0.8427223567842302,0.05230683113229309,0.022168235750639684,0.8411682492585955,0.09787706150776501,0.4623839757154812,,,0.9080052675185083,0.10513844061086275,0.8097416301940672,0.13613707346101095,0.6822425521796512,0.6680804212190257,0,deepfluoro/subject04/044
deepfluoro,subject04,045,branch_as_is,0.9240281047239949,0.5046354185224095,1.096199669035654,0.8741561568251993,0.0675399426635505,0.8731032137924305,0.053698628558154694,0.011868226228564729,0.6611517744953028,0.11121719086013389,0.3934182276622756,,,0.897309832558263,0.050780020668422285,0.6680231943689776,0.26749054534104666,0.8928486150031878,0.7723019778639458,0,deepfluoro/subject04/045
deepfluoro,subject04,046,branch_as_is,0.9609702348605687,0.5061707577884609,1.4817154015412741,0.8915304595180937,0.07565895489347631,0.8832106153129169,0.04895291831596095,0.013138033331506238,0.7518074883350111,0.06566845235755236,0.4405023054309085,,,0.9187962625662424,0.07386527743501586,0.7605308463840491,0.18964302402250816,0.8998395232452524,0.840227512607522,0,deepfluoro/subject04/046
deepfluoro,subject04,047,branch_as_is,0.9227913505822308,0.5264832766550012,1.0759599917112141,0.7446875966045442,0.15668039534119335,0.8366202993169785,0.0605628675037662,0.018707720935841884,0.7298330435831426,0.13874655837363667,0.38773671828136447,,,0.8993499001436567,0.04934981158086686,0.646328424539765,0.2856892903607817,0.8966209025763426,0.7686576445935696,0,deepfluoro/subject04/047
deepfluoro,subject05,000,branch_as_is,0.9316320487257603,0.644972078133288,1.1102461756362332,0.7313460889331616,0.15277362369681513,0.8247891278853404,0.05624679894848693,0.010937360491122816,0.6337637792815044,0.03833890400492508,0.6066331741283629,,,0.8916989013490733,0.05149518217255107,0.7801634733330004,0.11616312715410913,0.8918590684283088,0.791773865872843,0,deepfluoro/subject05/000
deepfluoro,subject05,001,branch_as_is,0.9223365773267882,0.6091708747096046,1.1191035394950783,0.8555719053131103,0.09427728596531475,0.8710950116983478,0.05952281305877063,0.02406481429490238,0.4734827260081112,0.03815287711702352,0.5710179975925811,,,0.8973762286279804,0.08174169824443298,0.7677814597231074,0.14888125654062584,0.905141070825669,0.736562294381592,0,deepfluoro/subject05/001
deepfluoro,subject05,002,branch_as_is,0.9464915554067858,0.6032644884293215,1.3417839044262196,0.8696723443084516,0.10498692400621887,0.8721369538732525,0.059650135841629426,0.031047891871609112,0.6624508302108314,0.05302332856198152,0.5502411598673399,,,0.9043786765577182,0.0849640214888883,0.7608425948362701,0.16614815217141357,0.9063690798294077,0.6642779526542907,0,deepfluoro/subject05/002
deepfluoro,subject05,003,branch_as_is,0.960007057515001,0.5934338905062824,1.5063043070496054,0.859715031184613,0.10419962486698707,0.8770585197263382,0.06173687455420876,0.03667022495382045,0.7879822035421836,0.06809648287775566,0.5253374076285267,,,0.9130647210039321,0.08652139732579059,0.7640822321080364,0.16912608977108212,0.8860099847064793,0.6029833291489533,0,deepfluoro/subject05/003
deepfluoro,subject05,004,branch_as_is,0.9705703190381807,0.5991087373607571,1.595808247047873,0.8351014286944369,0.09624739332169077,0.8492959454153968,0.06215617244349008,0.03723870820585939,0.845656354122458,0.06416313065569221,0.5349456067050649,,,0.9214189089363081,0.07767358415786242,0.7639590935217496,0.16620604309449324,0.8584401236919491,0.5451117768992646,0,deepfluoro/subject05/004
deepfluoro,subject05,005,branch_as_is,0.9336950936881692,0.6191468321900121,1.0781909182246667,0.6847614663601735,0.17710531530607423,0.807985776325902,0.05568463310843692,0.01018394398961789,0.594881946186524,0.05832341205184053,0.5608234201381715,,,0.8995078251867669,0.04177737569627618,0.7548912795366124,0.1233535484638478,0.9000072064388236,0.7968764024301717,0,deepfluoro/subject05/005
deepfluoro,subject05,006,branch_as_is,0.9478725839249524,0.5799492735606653,1.1921247863641704,0.6742396359378906,0.18367050268260315,0.810379229383164,0.04928146314457905,0.007322001182511802,0.5707054261099657,0.060306850540874674,0.5196424230197906,,,0.8882189809825998,0.03915888231757922,0.7290314436845271,0.14058133815726023,0.8877839188507943,0.7978348634178061,0,deepfluoro/subject05/006
deepfluoro,subject05,007,branch_as_is,0.9469786345623731,0.6074057195304166,1.1918152920403648,0.6873852513761561,0.18193942690266052,0.8156413014682374,0.04914247731955974,0.007793712080518525,0.5410132973676313,0.054772255877376136,0.5526334636530404,,,0.8904259095849947,0.039859672400828314,0.7006471586733929,0.15750384428709735,0.8898544212760061,0.7931407646259327,0,deepfluoro/subject05/007
deepfluoro,subject05,008,branch_as_is,0.9452650336840362,0.6247480489344667,1.1628724701477635,0.6985976373071625,0.19420682378528312,0.8247040352336568,0.04732164882482894,0.0071175065452096465,0.5515319149048211,0.091676516440046,0.5330715324944206,,,0.8950311076633805,0.043206374093231664,0.659004739798205,0.18165746922745032,0.8942341440729478,0.7768942300043173,0,deepfluoro/subject05/008
deepfluoro,subject05,009,branch_as_is,0.9083560641649636,0.6509172684534087,0.9720595098663082,0.6926674968987016,0.17688708647147777,0.8091120947943339,0.06505421191242027,0.013027536806677585,0.5955777529883338,0.02615841746029389,0.6247588509931148,,,0.8970097914256807,0.050593943381426226,0.7710342789059078,0.11895588898654717,0.8973435623115027,0.7972587405623207,0,deepfluoro/subject05/009
deepfluoro,subject05,010,branch_as_is,0.9075957876077305,0.6087026432320056,0.9302662288750494,0.6753735987387738,0.2028824981865962,0.8152791290625916,0.06373104503698215,0.01077837315540166,0.6224473720823885,0.06138975527679932,0.5473128879552063,,,0.9038595622486079,0.04665309134753442,0.7686187214745165,0.1218276140534367,0.9045183657341029,0.8174153741408052,0,deepfluoro/subject05/010
deepfluoro,subject05,011,branch_as_is,0.926298345378212,0.613723121619734,1.0378172953382367,0.7103331679020845,0.167595447505115,0.821092864051009,0.05828172511702703,0.009389263260089459,0.6312309923998253,0.04105417905465709,0.5726689425650768,,,0.8943128527793466,0.047077812355219475,0.75935689004336,0.12579983329671235,0.8947252049627042,0.8124426758213014,0,deepfluoro/subject05/011
deepfluoro,subject05,012,branch_as_is,0.895424605416097,0.6464235530568119,0.8914019217204798,0.6966516457761135,0.182107906230102,0.8148159606398468,0.06942650863005562,0.014120899506590413,0.5460078407550994,0.023790010694634108,0.6226335423621777,,,0.8997886407612019,0.051642273194647204,0.768356966079817,0.12195249075654029,0.9003020285797819,0.8117834576135806,0,deepfluoro/subject05/012
deepfluoro,subject05,013,branch_as_is,0.8977144307519435,0.6526012661584327,0.9018972183660223,0.7589057691301786,0.14772072778502446,0.8403647320148624,0.0667440564247123,0.016882697643099392,0.48268386738801994,0.03336470707698398,0.6192365590814487,,,0.9025545816690831,0.05624491631163148,0.773707669532516,0.12094022571059944,0.9047515549420526,0.8140362995558188,0,deepfluoro/subject05/013
deepfluoro,subject05,014,branch_as_is,0.9224412197548709,0.6268632059898681,1.0750516441422973,0.8645037911658312,0.10220443537505368,0.8815389634192506,0.05973257783068863,0.022375380094316763,0.5127729346359069,0.023289484130569308,0.6035737218592988,,,0.9085259935017027,0.07225037043661517,0.7594941114449906,0.14938831463771804,0.9143897513739786,0.7493384702470275,0,deepfluoro/subject05/014
deepfluoro,subject05,015,branch_as_is,0.9515234174520159,0.5790505338584346,1.347642883977274,0.8769769445404225,0.11331239559761022,0.8813296480947229,0.059380636928471786,0.030240366997521164,0.6920546582650987,0.048874689394310625,0.530175844464124,,,0.9107154329544895,0.09044388877256013,0.750023963306171,0.17005817590292704,0.9108011650750086,0.6629525257750358,0,deepfluoro/subject05/015
deepfluoro,subject05,016,branch_as_is,0.9663976894998852,0.5531755087621812,1.5643280889075886,0.8499093834080417,0.10677668616835612,0.8732945277053841,0.06190011668478189,0.03519359167766807,0.8113289295778723,0.04623971744286917,0.5069357913193121,,,0.913509169883391,0.084226610123311,0.7510197111494165,0.16684703432388456,0.8716444793094262,0.5942082192267729,0,deepfluoro/subject05/016
deepfluoro,subject05,017,branch_as_is,0.9746563065955691,0.6045294747599557,1.611459207633355,0.8431180222538276,0.09080538380053077,0.8525965148252447,0.06072782114336268,0.03398954726485177,0.8568949003960703,0.09408474268465432,0.5104447320753014,,,0.9279797102683742,0.07102652169951718,0.7579083399378588,0.1635722349278255,0.8651792928869583,0.555847266154397,0,deepfluoro/subject05/017
deepfluoro,subject05,018,branch_as_is,0.9456185432290453,0.6153065214913649,1.1628759377774143,0.724194864260919,0.16303748132994933,0.8305491555408593,0.050409655319431784,0.007928376770650806,0.5955583054392687,0.04428915822099074,0.5710173632703741,,,0.9026615205210176,0.041028301514335834,0.7363809854973086,0.13374139323611536,0.9034002096851469,0.8081803790600166,0,deepfluoro/subject05/018
deepfluoro,subject05,019,branch_as_is,0.9446068156063393,0.6289472301466472,1.172645211027435,0.7247953085402039,0.15563072833321953,0.830507122682938,0.05187770739375914,0.009847788295497286,0.5377250760091402,0.021991525904438636,0.6069557042422086,,,0.9007637775844617,0.04025438242019799,0.7131715290385777,0.14840483720499897,0.9009675284718488,0.8073430204448809,0,deepfluoro/subject05/019
deepfluoro,subject05,020,branch_as_is,0.9127060296311168,0.6392099683860537,0.9941873805861065,0.6870458799694518,0.17688021229100814,0.804121637523574,0.06369469808277917,0.012528989829055263,0.5952183995904667,0.026122169246669068,0.6130877991393846,,,0.8906360795036152,0.05102314494570195,0.770610614272097,0.11738217250406488,0.890905459740947,0.7963581461113705,0,deepfluoro/subject05/020
deepfluoro,subject05,021,branch_as_is,0.9369506901580129,0.632088735625107,1.129696105713825,0.6576893075853979,0.21175443909654953,0.8179880099216665,0.05548624372037122,0.011837264234953638,0.5206765459210755,0.05123641125840746,0.5808523243666995,,,0.8995558139046645,0.041171256622702525,0.6929640219628562,0.1620326725228541,0.8995612134988622,0.8024966705743741,0,deepfluoro/subject05/021
deepfluoro,subject05,022,branch_as_is,0.934223282296231,0.6653936791846486,1.1251878876595371,0.6764226768530164,0.21275074517120487,0.8283571140604256,0.054730992135804804,0.011888851564142289,0.5564009468069036,0.09900307976239846,0.5663905994222502,,,0.9005435911425419,0.0444908117169945,0.6608056376354406,0.1820751442288249,0.900512188920515,0.7942536418154861,0,deepfluoro/subject05/022
deepfluoro,subject05,023,branch_as_is,0.9403391475920927,0.6664843704158215,1.1635135861493902,0.7109617454356549,0.20897673063646593,0.8445614591739783,0.05055154158351839,0.009625184966217143,0.6190666452442799,0.0892660781680661,0.5772182922477554,,,0.9060399240909585,0.05133759731967335,0.6220469687499087,0.20532301136588538,0.9061412975168569,0.7862331905854867,0,deepfluoro/subject05/023
deepfluoro,subject05,024,branch_as_is,0.9493601356285076,0.6250911949193763,1.2573171422524099,0.7844050559021013,0.15736729295476187,0.8588660484735482,0.04744010884599745,0.008830380280372575,0.704590726869065,0.10448181983994015,0.520609375079436,,,0.9084730913763585,0.0650308113971466,0.5695026152226486,0.23461906741703456,0.9091877275013167,0.7758184139600067,0,deepfluoro/subject05/024
deepfluoro,subject05,025,branch_as_is,0.93007700355832,0.6342986731783391,1.0849372674697406,0.7781871254762426,0.1358027014085442,0.8529375195470869,0.058622492716131076,0.01156869838184291,0.6851969942974832,0.07150130542240048,0.5627973677559386,,,0.9167056870856832,0.051504905977038586,0.7723960468065936,0.13395850320551023,0.9176680742485392,0.7594330249893514,0,deepfluoro/subject05/025
deepfluoro,subject05,026,branch_as_is,0.9226122805487966,0.6480932607463975,1.0436177175437635,0.6713232373016117,0.18106575286890536,0.7983453752700583,0.06041070246095346,0.011064919306475253,0.564899640968268,0.07344678432328383,0.5746464764231136,,,0.8891745617674127,0.045988460396546346,0.7736982034099158,0.11366576999346303,0.8895944615407165,0.8035315754125305,0,deepfluoro/subject05/026
deepfluoro,subject05,027,branch_as_is,0.9114099515874724,0.6486473008802088,0.9738611801338963,0.6549934229510262,0.1913101458264466,0.7834493480165736,0.06562822375130199,0.012484074373002958,0.5382582658657176,0.044754648189253135,0.6038926526909557,,,0.888890430925644,0.04935256417982408,0.7658820489050308,0.1162674320895293,0.8891177262878796,0.7992233311376512,0,deepfluoro/subject05/027
deepfluoro,subject05,028,branch_as_is,0.8975338060632034,0.6685684174583321,0.9431356309152908,0.7725387091500636,0.1292898462053326,0.8387693992820221,0.06709016786504504,0.01974531541593788,0.40456412408489173,0.04332855630425165,0.6252398611540804,,,0.89970994351251,0.06071947225824728,0.7808423420801516,0.11993452665920562,0.9026074336499501,0.7963809378264297,0,deepfluoro/subject05/028
deepfluoro,subject05,029,branch_as_is,0.9387680803560046,0.6081938965171181,1.1288684852577917,0.6738343193829682,0.1790914535849519,0.806648629921081,0.05540339441962763,0.009697119650230526,0.49856318947479505,0.021610728112061724,0.5865831684050563,,,0.8873698808124846,0.0432041130926451,0.7310484458032214,0.13779134546084734,0.8873788616500685,0.8018409273794952,0,deepfluoro/subject05/029
deepfluoro,subject05,030,branch_as_is,0.9360301909009537,0.6193063759204249,1.1193806016936076,0.6924772183967545,0.1732753116055477,0.8151838364658113,0.054791558488842304,0.010653748139906013,0.5060267087429475,0.04769172956627868,0.5716146463541463,,,0.8934351545802628,0.040013579683653946,0.7127770095247173,0.14926507360653096,0.8937080056824648,0.8001499644607915,0,deepfluoro/subject05/030
deepfluoro,subject05,031,branch_as_is,0.9162865475088312,0.6380937810695447,1.0285871155898123,0.6723223603826538,0.18600048524030294,0.8022563878604063,0.059456439994784435,0.011757780334058271,0.5798771018364881,0.05570574214081836,0.5823880389287264,,,0.8880372721597567,0.04590933733276928,0.7793411360699456,0.11341474577309861,0.8883862561969377,0.8036426528889034,0,deepfluoro/subject05/031
deepfluoro,subject05,032,branch_as_is,0.9196699061864605,0.6132185555225491,1.083420670179036,0.8648893177273026,0.10292190782825186,0.8786426499277252,0.060350181706643594,0.023954826710240254,0.46708579678273476,0.04114933434865873,0.5720692211738904,,,0.9033453814631991,0.08179330838758021,0.7618364857212025,0.1512341672641846,0.9107064781996993,0.7294962300364581,0,deepfluoro/subject05/032
deepfluoro,subject05,033,branch_as_is,0.9156834656909574,0.6393108974492788,1.0166332631830577,0.6741065827940796,0.18208167089292243,0.800208854631132,0.06128101575680272,0.012021759029508142,0.5629105157480355,0.06145817633129721,0.5778527211179816,,,0.8897902438438039,0.046370642893201926,0.7784123179025163,0.112954492649167,0.8901694337837166,0.8028441089809757,0,deepfluoro/subject05/033
deepfluoro,subject05,034,branch_as_is,0.9161550299598664,0.6430111369803612,1.0153171973949495,0.6762197940411068,0.18976105897356976,0.8078240545721247,0.058952411532646604,0.011328338864667881,0.5564854229432032,0.06571679341590662,0.5772943435644545,,,0.8902761945228856,0.046421381153572,0.7780134921462821,0.11288663259159716,0.8906703851506311,0.802637719697826,0,deepfluoro/subject05/034
deepfluoro,subject05,035,branch_as_is,0.9091020249584438,0.6469993006573967,0.9709157708783307,0.6554503256859323,0.18917617507262488,0.7830769588460873,0.0669927670447728,0.01276354588288098,0.5385920603295804,0.03520994179074447,0.6117893588666523,,,0.889280096780856,0.050349997741645953,0.7691516819555853,0.11581051774581495,0.8895894379785921,0.7986916482614652,0,deepfluoro/subject05/035
deepfluoro,subject05,036,branch_as_is,0.909520028049608,0.6429090993868617,0.9732554126548172,0.6642118607225308,0.1849092868716316,0.7894202763663468,0.06453110865364112,0.01229560681419367,0.5378441555795501,0.051839422140705096,0.5910696772461566,,,0.8880036160420948,0.04776304819792854,0.7703174007306348,0.11588081382540849,0.8882111723771328,0.7991597185180421,0,deepfluoro/subject05/036
deepfluoro,subject05,037,branch_as_is,0.8858417389191603,0.6747645357988555,0.8753298723038938,0.6640447377844629,0.194345940293766,0.7903256301417114,0.07055538710091185,0.01604368282174365,0.4421584267331637,0.03203798141687994,0.6427265543819756,,,0.8924169892406844,0.05359665571325675,0.7799963917323871,0.11241424020796964,0.8936093340675035,0.8035322182863448,0,deepfluoro/subject05/037
deepfluoro,subject05,038,branch_as_is,0.894796744672541,0.6459668228392607,0.9318252910279702,0.8131546919970963,0.10422284268307966,0.8545264692201934,0.06091741849725571,0.018227035636329582,0.40245276475613145,0.042872532271727874,0.6030942905675328,,,0.8959915029858738,0.058512695734011876,0.781209456029901,0.11950479749304992,0.8984189740515042,0.7963741858025519,0,deepfluoro/subject05/038
deepfluoro,subject05,039,branch_as_is,0.9459352152847329,0.5354859164506665,1.2352362547024047,0.8317392904380163,0.11373330177816258,0.8305605308976891,0.0563993486051896,0.018671877731655614,0.8235108787937678,0.03118375740498445,0.504302159045682,,,0.8786218817897461,0.09275592704229364,0.7201127399833979,0.16163009261346767,0.8845580077930846,0.6686998369346799,0,deepfluoro/subject05/039
deepfluoro,subject05,040,branch_as_is,0.9673885835490873,0.5365183347369442,1.4579238738457205,0.8403141629119766,0.12189742417385771,0.8312866474217516,0.05618918168766417,0.023760084372347487,0.8884801585393314,0.09061019449311995,0.44590814024382425,,,0.8927489512309197,0.09805957585508737,0.7367567065942896,0.17510412859544452,0.88957386828151,0.5965605755041661,0,deepfluoro/subject05/040
deepfluoro,subject05,041,branch_as_is,0.9779870717563238,0.5843409621978687,1.6023677352134393,0.8214301604633467,0.0987831369822057,0.767852762979804,0.05361806336114653,0.02544574695922906,0.9101619213715411,0.14559184504931355,0.43874911714855513,,,0.9076824428297858,0.08783707283679316,0.7565434831405037,0.16649357874660436,0.8299621764075158,0.5294043824130279,0,deepfluoro/subject05/041
deepfluoro,subject05,042,branch_as_is,0.9334873490086687,0.5236944667205651,1.1346323395016966,0.8446776499805334,0.12460884990893908,0.8470706711855676,0.058211417827999976,0.020109675067503857,0.8387321431915451,0.028101170078648985,0.4955932966419161,,,0.8789144696323193,0.10806108294035796,0.7430141382886659,0.1672863397594352,0.8884888164599919,0.6908970037731582,0,deepfluoro/subject05/042
deepfluoro,subject05,043,branch_as_is,0.8843365863126148,0.5105426841200302,0.8534360412690378,0.8302080598400233,0.08722341839370214,0.8348777049347397,0.05987740059666417,0.016848570938075545,0.6877394334300636,0.04992438400748408,0.4606183001125462,,,0.8801209174729727,0.06504142723263662,0.7497002203324789,0.11834699655158822,0.8828798825648214,0.7629722604960727,0,deepfluoro/subject05/043
deepfluoro,subject05,044,branch_as_is,0.9350821154215282,0.532855387789307,1.1479101058547565,0.8489150594222924,0.10883576796628217,0.8492643426326641,0.05527734718287467,0.018989937512498688,0.8312014970069644,0.028472718900380976,0.504382668888926,,,0.8781019972918926,0.10327319784994429,0.7453105586722027,0.16229832374318443,0.8869274382444987,0.696987359157127,0,deepfluoro/subject05/044
deepfluoro,subject05,045,branch_as_is,0.9618755489479364,0.5211601235022787,1.4066748468927668,0.8504582456987236,0.11796357601036903,0.8346510448893733,0.055052815451120486,0.024095431883924497,0.8879983502480193,0.06230188957301214,0.45885823392926656,,,0.8850811829881685,0.10981433185437361,0.7552067971001643,0.178312524404075,0.8866658991010666,0.6274852422951017,0,deepfluoro/subject05/045
deepfluoro,subject05,046,branch_as_is,0.9743734405255614,0.5154953890705576,1.5247876231092206,0.8352907478820223,0.11413944185297097,0.7690998424736778,0.05433568962640223,0.026185298117162744,0.9109963082906222,0.12438379000560874,0.39111159906494886,,,0.8978630723305537,0.10024794847603707,0.7707770162669908,0.17470749948516076,0.8439567330874069,0.5671452752473679,0,deepfluoro/subject05/046
deepfluoro,subject05,047,branch_as_is,0.9253359408789718,0.502884267792171,1.1359789860756697,0.856892815111093,0.10294516249578116,0.8612029581959069,0.0560182715545804,0.015555104398314713,0.8067934989150564,0.02857353422816032,0.47431073356401066,,,0.8856996921453424,0.0920610812004554,0.7461033416135341,0.15655454422615878,0.894363322176508,0.7218413428333035,0,deepfluoro/subject05/047
deepfluoro,subject05,048,branch_as_is,0.9269748788749561,0.4718099129968138,1.0812441325335096,0.8429660388975939,0.10827260645255694,0.8443820035138719,0.060530147977660445,0.022824678815470862,0.8389574239035787,-0.002266175874632001,0.4740760888714458,,,0.881121546537342,0.09338964954165808,0.7341999260859892,0.14579580941046202,0.8889714264367699,0.718000459182924,0,deepfluoro/subject05/048
deepfluoro,subject05,049,branch_as_is,0.9322860458765587,0.48882201066080644,1.1003389675753676,0.8430758523926339,0.11511266670069066,0.8421025384545593,0.0631301172813398,0.024959961826710203,0.8582492348027576,-0.0033529017317902796,0.4921749123925967,,,0.8862890885431355,0.09526558017958621,0.7345242162214408,0.14834772721460476,0.8927835885132578,0.7132235709738103,0,deepfluoro/subject05/049
deepfluoro,subject05,050,branch_as_is,0.885413542396578,0.48482076133411967,0.863569977169315,0.8337101535388337,0.08479085284810306,0.8347875625356301,0.06426801269657306,0.0197858076063252,0.7493673450741614,0.008512098440201952,0.4763086628939177,,,0.8842611546040737,0.06233066343370936,0.7228653506473474,0.12750277579073718,0.8845133244271212,0.7552800142827126,0,deepfluoro/subject05/050
deepfluoro,subject05,051,branch_as_is,0.9338923104130307,0.46856056279336106,1.1015631791474394,0.8406886839755884,0.11629763131564347,0.8376236397648488,0.06251321412807577,0.024536235993603647,0.8600052171499366,-0.0025802541226991873,0.47114081691606025,,,0.882038003524297,0.09880234228979468,0.7306238205931337,0.15182588968853905,0.8897560205761192,0.7042631009052199,0,deepfluoro/subject05/051
deepfluoro,subject05,052,branch_as_is,0.9745053261781997,0.5225461291976742,1.477698018460735,0.8424110048390817,0.1044002214391089,0.7450439099857467,0.05690919738357842,0.026314834492158667,0.9236760421058356,0.0861005272469729,0.43644560195070126,,,0.9095678252671373,0.09253467722955354,0.7624561371227818,0.1633498377838776,0.8518069545397654,0.5801320976003143,0,deepfluoro/subject05/052
deepfluoro,subject05,053,branch_as_is,0.9350819182816446,0.5245646527706294,1.1227627775372113,0.8356620092630925,0.1301636046841942,0.8336670235497097,0.06242734415993671,0.024989780266078135,0.8472081558201191,0.02138832509415873,0.5031763276764706,,,0.8788281562045385,0.10813398528109915,0.7411073937559257,0.16266447160097994,0.8884460439523418,0.6870798507646618,0,deepfluoro/subject05/053
deepfluoro,subject05,054,branch_as_is,0.9802204986522728,0.5076346103202009,1.581584657037254,0.8271993263728673,0.09002919975120954,0.7235572165152594,0.05206264963426306,0.025029460636764148,0.9373867243320797,0.17934783574553465,0.3282867745746662,,,0.9141349704886077,0.08849215729049781,0.7901625597429623,0.16627396998284122,0.8103103210131888,0.4968037335454992,0,deepfluoro/subject05/054
deepfluoro,subject06,000,branch_as_is,0.9776224799225759,0.5804445631489373,1.768792420106238,0.8906417434990838,0.059804465216374184,0.6596035703611385,0.05601302368260186,0.03905035648439183,0.9314929090224238,0.2302347720243045,0.3502097911246328,,,0.9445102332833113,0.046345624315002186,0.8291696074079007,0.16360184835948907,0.9084414705664858,0.8590930664222453,0,deepfluoro/subject06/000
deepfluoro,subject06,001,branch_as_is,0.9686560413216458,0.5360057344664718,1.8181282542477464,0.8760020424167028,0.07175137822527966,0.7835761096216404,0.0557095110378136,0.03814614898708203,0.9154135817099315,0.1891109199248397,0.3468948145416321,,,0.9317379328689817,0.05227096734699813,0.7863925197139986,0.19055162090852193,0.8971024044436307,0.8335694436432743,0,deepfluoro/subject06/001
deepfluoro,subject06,002,branch_as_is,0.9635646183889799,0.5035250773959471,1.6926368701151984,0.8709205252141954,0.07331860646588512,0.8511523677457484,0.05435693809160768,0.03010699648685102,0.9066606213681501,0.18462534355940471,0.31889973383654235,,,0.9250668771604329,0.05528436703439303,0.7573884211617689,0.20261033993536134,0.8926476311326736,0.8209205885554142,0,deepfluoro/subject06/002
deepfluoro,subject06,003,branch_as_is,0.9649628441383201,0.584937795722633,1.5740302526186167,0.8873487415919248,0.08541762214267674,0.8936515602135628,0.044965978091416635,0.016394890703128228,0.8683975507977174,0.13204446115955756,0.45289333456307546,,,0.9276719863670264,0.06658803532783047,0.7282666732891416,0.2333439897444662,0.9113464826457955,0.824694358829027,0,deepfluoro/subject06/003
deepfluoro,subject06,004,branch_as_is,0.9658910122432358,0.6284574919430833,1.4380283456883918,0.8929170499651159,0.10725100206914528,0.9081970855880984,0.03887329719074453,0.00932269889040659,0.783541298765856,0.15727955903747892,0.4711779329056044,,,0.9210413820967002,0.09221414845925174,0.6558548739384371,0.27864744498177113,0.9137782449646742,0.8073923420666209,0,deepfluoro/subject06/004
deepfluoro,subject06,005,branch_as_is,0.9689434136251374,0.6943263471300412,1.5569224353221818,0.8653482544931536,0.1097086702192892,0.9044427992026988,0.04587992141404516,0.010406459325525495,0.9374561096330425,0.3182156754934726,0.3761106716365685,,,0.9175391127375147,0.09294915827591611,0.650593154964812,0.2693818257485826,0.8989335481689085,0.802639702614192,0,deepfluoro/subject06/005
deepfluoro,subject06,006,branch_as_is,0.9650185899913059,0.6358193338228443,1.3605108787709574,0.8347458691994033,0.17313371880933473,0.8910288631605029,0.042986548394343474,0.00811988615791828,0.7570300233961511,0.19378090705886578,0.44203842676397853,,,0.9008060833620195,0.11589448846905331,0.5833757649385096,0.30837899467993235,0.8969968249454436,0.7801760279117211,0,deepfluoro/subject06/006
deepfluoro,subject06,007,branch_as_is,0.9640620427389687,0.6493639636841119,1.291222261801606,0.799538893253173,0.21083875428353102,0.8860952934567448,0.045694179096936405,0.007604895237973888,0.7040112359579854,0.21402303782323392,0.4353409258608779,,,0.8886147313440478,0.13409755012314412,0.5183603561701788,0.3337339884166893,0.8930244874241552,0.7687734297019071,0,deepfluoro/subject06/007
deepfluoro,subject06,008,branch_as_is,0.9749436119397609,0.5544994776371969,1.7645112397091354,0.8941626055955068,0.060139368657616134,0.7324369552943423,0.055364013319483325,0.03519569659534394,0.9249575309067536,0.20332692855336768,0.3511725490838292,,,0.9438217587383635,0.044004969183628166,0.8133980531279638,0.17272894863631066,0.823702626277515,0.7683071863277032,0,deepfluoro/subject06/008
deepfluoro,subject06,009,branch_as_is,0.9712222666698789,0.5529098460331355,1.8290795194090417,0.8818863773099211,0.06528869578547478,0.7312556530956396,0.0568444966637136,0.04103117635920721,0.912811003879588,0.17699618637555067,0.37591365965758483,,,0.9367960911988336,0.049196036284405636,0.8234694712291748,0.17422361360881852,0.9024678727926714,0.8465638461895676,0,deepfluoro/subject06/009
deepfluoro,subject06,010,branch_as_is,0.9648315122381639,0.6839372211520277,1.4606871780014115,0.9055703565546894,0.06784646689406783,0.9074950807505046,0.0429935342433789,0.01377278678188229,0.6910191967867455,0.09638937503111522,0.5875478461209125,,,0.932566371871252,0.047947816118303836,0.7675421490712725,0.20586576893284494,0.9282512369175372,0.857973259599108,0,deepfluoro/subject06/010
deepfluoro,subject06,011,branch_as_is,0.9800405882315344,0.7059832693284351,1.9600691178216787,0.9006625117902747,0.05871198969592346,0.7824894662889326,0.04742103722453525,0.03402964265443557,0.8689633041141057,0.21043776534637307,0.4955455039820621,,,0.9459900198079791,0.04055752160550262,0.7884271466905759,0.17856579532638867,0.9211444912710784,0.8529135060883344,0,deepfluoro/subject06/011
deepfluoro,subject06,012,branch_as_is,0.954691684347546,0.6352778969534579,1.2080138252307933,0.7211045549288801,0.17075615171565617,0.8307354706910413,0.06363676965100465,0.015062873783363843,0.9193730470420436,0.40627560410304564,0.2290022928504123,,,0.9141047405572604,0.07210486718982753,0.7584938703931575,0.23422573269629052,0.9041016934485738,0.8183391668314541,0,deepfluoro/subject06/012
deepfluoro,subject06,013,branch_as_is,0.9842491305255711,0.6273620214838567,1.8524197801374434,0.9028795630202471,0.05200655335766688,0.9055338982132789,0.030778277036716036,0.00872752388710233,0.9514157380322295,0.33165777604838753,0.29570424543546914,,,0.9340072213129768,0.032761137072914365,0.7538480218243364,0.19188109682864204,0.9299075292907075,0.8688047488950471,0,deepfluoro/subject06/013
deepfluoro,subject06,014,branch_as_is,0.9758153252447704,0.6412009114952097,1.6215773139417395,0.7351239703183128,0.1918623704132246,0.8778136736187999,0.04190136688076137,0.01129847852278168,0.9380619289544483,0.3796730191367958,0.26152789235841395,,,0.9142594586199222,0.08310701007816379,0.6586892977178289,0.2660614512549265,0.9028865627074425,0.8104281746501216,0,deepfluoro/subject06/014
deepfluoro,subject06,015,branch_as_is,0.9563050576807837,0.6415697287449197,1.2371231695496698,0.7075955859068074,0.17734630680206886,0.8275245769927202,0.06351414871386885,0.01571490663837126,0.9189704451149984,0.3790541054954578,0.26251562324946187,,,0.9135555029804604,0.0778869864018202,0.7487904825565259,0.2429695427893874,0.901715906838971,0.8132841714639245,0,deepfluoro/subject06/015
deepfluoro,subject06,016,branch_as_is,0.9655429307915837,0.728770329172947,1.3980127245608949,0.860103836912372,0.12435132498128369,0.9029529967118624,0.04742262417785331,0.0103105305834048,0.6553414282080141,0.11894214216599122,0.6098281870069558,,,0.9263701261626941,0.08477721545548697,0.6933875068370068,0.25809564095901555,0.9135139967680229,0.8163466733103977,0,deepfluoro/subject06/016
deepfluoro,subject06,017,branch_as_is,0.9743694874159213,0.7296256740259558,1.7924335365191966,0.9139833840706935,0.05778201864698663,0.8982201540172846,0.04567693990368636,0.02211223068407709,0.784201852980039,0.08040204766312904,0.6492236263628267,,,0.9461358449656833,0.03702819191569691,0.748676079815295,0.19730406187362423,0.9390836740190863,0.8691093994364356,0,deepfluoro/subject06/017
deepfluoro,subject06,018,branch_as_is,0.9640783099806762,0.7266570600067103,1.4325828586402942,0.89648427578029,0.08199731266445051,0.9098915201619313,0.04489898019275111,0.009549786242427413,0.636171342200745,0.09315931825455379,0.6334977417521565,,,0.9289815080327123,0.07002812796650973,0.697615497880501,0.24622412494057735,0.9221528142725762,0.8346589369648981,0,deepfluoro/subject06/018
deepfluoro,subject06,019,branch_as_is,0.9716745769517691,0.5213068033132733,1.7520741889155458,0.875462088394987,0.06511287673173026,0.7116295317851111,0.05927373420968576,0.03954653328291584,0.9313813522237294,0.21801364908768048,0.3032931542255928,,,0.9333421187255639,0.05170744973273192,0.801189714895701,0.17984528131056166,0.8947047397877537,0.8367968292655413,0,deepfluoro/subject06/019
deepfluoro,subject06,020,branch_as_is,0.9048665006572039,0.6481843627868608,1.0325409076455596,0.823029863824358,0.10136948685157463,0.8357799529520455,0.07231850306713958,0.025436124321451863,0.8050528598434352,0.1315214715058734,0.5166628912809874,,,0.906613732023289,0.05290753462097049,0.8063295494918693,0.17152199270181256,0.9053528001927857,0.8613656838703162,0,deepfluoro/subject06/020
deepfluoro,subject06,021,branch_as_is,0.9072753315817302,0.5610197147813194,0.9172426628070475,0.6413162639405071,0.18216173154591808,0.7235510356094472,0.08062298315722542,0.013761891138692552,0.6778302636774712,0.030843139724909527,0.5301765750564099,,,0.8708574639850098,0.051722619538351965,0.7332363550769839,0.20109605048552812,0.8699442428540941,0.8140483095664404,0,deepfluoro/subject06/021
deepfluoro,subject06,022,branch_as_is,0.9087609271949153,0.5669145800006014,0.9234535330143578,0.6402160876842186,0.1828334406700878,0.7244734860968706,0.08069093054108137,0.013720499609758215,0.6807515658525991,0.03149865355945786,0.5354159264411434,,,0.8724548155263964,0.05166158341679944,0.7336566855135566,0.2019813840295221,0.8714515401082089,0.8153280311847193,0,deepfluoro/subject06/022
deepfluoro,subject06,023,branch_as_is,0.9031353643865404,0.5118125919363804,0.9085921451893213,0.6422233871813683,0.22549530957193392,0.7824938600141655,0.06504934905351559,0.010874829770862182,0.6766392105429963,0.018219808751861542,0.4935927831845189,,,0.8698437219998404,0.05279759045446118,0.7322238286261019,0.20302069120351562,0.8687072095929402,0.8113975442514352,0,deepfluoro/subject06/023
ljubljana,subject01,frontal,branch_as_is,0.0876497967469548,0.09559069762800479,0.006224936022114732,0.37379774097764534,0.09960097691802507,0.48059715284562693,0.08650458836442655,0.04551604017631111,-0.011764950821263888,0.018240025195485985,0.07735067243251881,0.0657169758064125,0.048490653167514504,0.8545067998705126,0.09642732215344528,0.7815677006484897,0.15866845530936896,0.3766710823174129,0.3424789991816018,0,ljubljana/subject01/frontal
ljubljana,subject01,lateral,branch_as_is,0.1677559041140478,0.18362343392660785,0.014130707569567936,0.25439346328529105,0.12984063643493807,0.5098634587130351,0.11169085076729279,0.05003360573526161,0.026380795475196887,0.07590009933183187,0.10772333459477598,0.09532041980594819,0.09782128015681088,0.8249782062684216,0.09529452071278416,0.7499227127493573,0.1541690978825096,0.28734960587919084,0.2935567369071768,0,ljubljana/subject01/lateral
ljubljana,subject02,frontal,branch_as_is,0.25053890677899004,0.2712518202875709,0.011344063158870408,0.37900682096874694,0.09900090934804245,0.46540535479333117,0.08226808314256748,0.0432159672308532,0.07814953009639729,0.1384339245711032,0.13281789571646768,0.16084744310091284,0.17587798906933186,0.8498968955253718,0.09454197424582424,0.7898482965047657,0.13744279031765838,0.38229302338659343,0.3903900746909519,0,ljubljana/subject02/frontal
ljubljana,subject02,lateral,branch_as_is,0.05094509403056145,0.08411609837152764,0.003312413327946147,0.13498212296971582,0.09088190394006168,0.6393126239816139,0.0688713694562524,0.03449927020450017,0.026131755943396392,0.039867315618018304,0.04424878275350934,0.006380015242023623,0.04212513338530772,0.8262726614413014,0.06909702479337672,0.6939346556817407,0.14436111276917404,0.1670448000544482,0.19295144126471564,0,ljubljana/subject02/lateral
ljubljana,subject03,frontal,branch_as_is,0.8229026946958551,0.7608081020611313,0.07504682243492752,0.275441343272911,0.0900024717376171,0.6620176117033405,0.04535990626072405,0.022750248278943844,0.11206584102281439,0.1474067422378051,0.6134013598233261,0.8376549044745164,0.7605185955369637,0.8402203459305482,0.08764131859275186,0.88442178969346,0.09170247300800792,0.27863134250621735,0.39590992596299374,0,ljubljana/subject03/frontal
ljubljana,subject03,lateral,branch_as_is,0.061810287299701686,0.09384381150022428,0.006101767071113626,0.14878549279966424,0.10781184949410033,0.5812895500068721,0.08763884215848211,0.04532425827119502,0.009662782826564634,0.03752692266130474,0.05631688883891954,0.032692805507288376,0.07074451493732013,0.8264783576865938,0.07496457640410881,0.6974332708342033,0.1505904082888773,0.2057277900004808,0.22586637195706205,0,ljubljana/subject03/lateral
ljubljana,subject04,frontal,branch_as_is,0.5676675695643925,0.46624334840802006,0.02387006983390052,0.268049075981007,0.09320554772813766,0.6166231184012579,0.06645227410004978,0.030990967621038923,0.1317046581121894,0.15375949431095973,0.31248385409706037,0.5215104394857509,0.36389328212939626,0.8818720364597583,0.08983471303307304,0.8392369078645237,0.11388333276005129,0.2729091846662134,0.2899454564489717,0,ljubljana/subject04/frontal
ljubljana,subject04,lateral,branch_as_is,0.7869666544470327,0.5792177980521888,0.03838159779932016,0.10170756352605881,0.12081767261024734,0.6565446416621172,0.05962672617874109,0.024082268500816042,0.21577330826492114,0.22420684338092578,0.355010954671263,0.7803681546802032,0.5301943514446739,0.7744696745109182,0.11492547116438552,0.7104352008441592,0.12585431920216997,0.10595940931853888,0.16748994607261566,0,ljubljana/subject04/lateral
ljubljana,subject05,frontal,branch_as_is,0.3103065778995696,0.2736650642691118,0.017432976934233867,0.4172611447015399,0.08489384925699893,0.44494422676055206,0.07004934665984958,0.03570242518834635,0.2289345644788399,0.2333268875165956,0.04033817675251619,0.19757052782094314,0.14808221985744172,0.8453264055404822,0.08248039964937896,0.7676418394171322,0.13603657702292532,0.41949580236044615,0.44672073236800725,0,ljubljana/subject05/frontal
ljubljana,subject05,lateral,branch_as_is,0.3097077001660363,0.24841256284202978,0.01441442130686081,0.2229066269401004,0.07493694564405555,0.6699163529677878,0.052565639177959506,0.024269022009880428,0.2482256806335277,0.20229294816162505,0.046119614680404736,0.2732209442621271,0.19588200665825833,0.9163279450836748,0.054928035543722296,0.7599161084391837,0.13639193622255927,0.25232794369671524,0.2808270092968923,0,ljubljana/subject05/lateral
ljubljana,subject06,frontal,branch_as_is,0.22522963143111185,0.2816665201176796,0.035265442924634904,0.048510298705233476,0.11998670404803104,0.8466546332270832,0.07595057932357133,0.026096530418941645,0.047051197432585,0.1168059053561627,0.16486061476151692,0.21503867194569062,0.26973148196307434,0.8830397917845998,0.16010264204664343,0.7184793454054755,0.1833036647541668,0.027133880549244684,0.1296059903889865,0,ljubljana/subject06/frontal
ljubljana,subject06,lateral,branch_as_is,0.2908580837125184,0.260881564254994,0.015340536906770879,0.007069428860041011,0.4586300105045676,0.8436747663611384,0.038608406864235285,0.013588168509401267,0.07330705713083874,0.11728870436865253,0.14359285988634146,0.2839296148697229,0.24563496502413137,0.7426849539846527,0.44857925211190164,0.5540659050482502,0.40890774492060883,0.007660345090626154,0.04673474429978384,0,ljubljana/subject06/lateral
ljubljana,subject07,frontal,branch_as_is,0.15797612153400054,0.1572736343330221,0.018913365604460063,0.3826476986676987,0.09831750651544262,0.4876564035333088,0.08232935408654316,0.04342597279343569,0.5636781322892817,0.31243459982714755,-0.15516096549412545,0.08621676667528935,0.07708557768952322,0.886330186645572,0.07824019556689579,0.8084326206698257,0.14115549746892225,0.39837064174844355,0.40082744811293736,0,ljubljana/subject07/frontal
ljubljana,subject07,lateral,branch_as_is,0.3392385111624938,0.1628203769585462,0.029645896864371253,0.22808156730578363,0.10834505460959251,0.6339505427210097,0.09025245902173115,0.03029672432711246,0.06433321660519853,0.09442265633164774,0.06839772062689846,0.3072658267068501,0.1036007688625494,0.8840941302928799,0.08127712434118858,0.7836522195880584,0.14500511449986975,0.263048497887245,0.28443427413156724,0,ljubljana/subject07/lateral
ljubljana,subject08,frontal,branch_as_is,0.80611983916373,0.7374042800476179,0.08672922230873224,0.2656918724541749,0.11401680305401939,0.6227354563510391,0.05811625717795644,0.03193976780436278,0.18495495989999106,0.19555893379785466,0.5418453462497632,0.8226886199218665,0.7363761308286207,0.8453184508096796,0.10935906210917723,0.8618838069571311,0.0958301044595093,0.2691101180459211,0.37123884179042627,0,ljubljana/subject08/frontal
ljubljana,subject08,lateral,branch_as_is,0.2949248707742866,0.24300636779838555,0.017547124049262536,0.14354720162812196,0.12662987339457246,0.5340254122134479,0.09492488650066774,0.04691015685551581,0.12370017484008615,0.1349619277933431,0.10804444000504246,0.2529761253975139,0.20442585828075238,0.7304775556591773,0.12213037250897424,0.6460246216913087,0.1508531805991837,0.14628353511775616,0.18165226541745708,0,ljubljana/subject08/lateral
ljubljana,subject09,frontal,branch_as_is,0.1342739052043565,0.16280646124863332,0.009806232802762592,0.45822180315501043,0.09270921788623061,0.41744830167801245,0.081044806300804,0.04466490480049852,0.18033336331575497,0.19452505810790374,-0.03171859685927042,0.009796357283092826,0.04068976025870009,0.8696029898866979,0.09109691651002383,0.7820449501599783,0.15108001058155926,0.45955246561814017,0.43914596853305643,0,ljubljana/subject09/frontal
ljubljana,subject09,lateral,branch_as_is,0.045230042578556236,0.08936405818508145,0.003822817817199481,0.12340390583032664,0.12665913030912426,0.5341852349369681,0.09913096670514793,0.05520514402654595,0.22244047064202363,0.2461233154285034,-0.15675925724342196,0.0013070221204315373,0.05006989439589007,0.783074112158598,0.08850762140938732,0.6142025592749863,0.17828768330705577,0.16546652330328732,0.18597572254165473,0,ljubljana/subject09/lateral
ljubljana,subject10,frontal,branch_as_is,0.05057758826013786,0.10732116296459676,0.004423662234417378,0.01933625390892178,0.12384735405296778,0.8891664117761535,0.05251118205224642,0.02092222991482735,0.4194786497130645,0.4290980489856611,-0.32177688602106436,-0.01692613689550919,0.009853762785444493,0.8962807900179001,0.15414932049257044,0.794615312223964,0.18463345186636893,0.013273597147466712,0.02733689135242909,0,ljubljana/subject10/frontal
ljubljana,subject10,lateral,branch_as_is,0.056066654108176225,0.10113883274345499,0.001954834114577771,0.003529610639248522,0.4632540329793382,0.8112543403116362,0.054590505955116865,0.024789755529326316,0.5199576029230847,0.28832657875576034,-0.18718774601230537,0.04401774586953546,0.06701965675580976,0.6772855907483669,0.5136741396660899,0.549226870462916,0.49521402779564827,0.0033394444554673856,0.016844541972275574,0,ljubljana/subject10/lateral
ljubljana,subject01,frontal,horizontal_offset_sign_diagnostic,0.8537204644375849,0.7423928015619913,0.08089201946569899,0.3646428512338277,0.09670069160105346,0.5623615018110201,0.04521970495577476,0.02833833240510883,0.11723527902155377,0.1423867108724114,0.6000060906895799,0.8803414065261548,0.7335611855489366,,,,,,,-80.78521920914505,ljubljana/subject01/frontal
ljubljana,subject01,lateral,horizontal_offset_sign_diagnostic,0.8897191732354945,0.726673745386766,0.0849982662280829,0.24142911697928615,0.1273483480910845,0.6285506558584701,0.05172075347731267,0.026174508228172442,0.12532824084720431,0.16792528042767582,0.5587484649590901,0.9047558392818175,0.7025279804130093,,,,,,,-35.557068980281606,ljubljana/subject01/lateral
ljubljana,subject02,frontal,horizontal_offset_sign_diagnostic,0.8150619672790774,0.7920436846616341,0.054418346665344966,0.3722066836206414,0.09745698298755072,0.5441392702470114,0.04923422128348248,0.0321160887079932,0.1471229627936941,0.18824637702262256,0.6037973076390115,0.8536616059015502,0.7978164209838033,,,,,,,-19.911498326280277,ljubljana/subject02/frontal
ljubljana,subject02,lateral,horizontal_offset_sign_diagnostic,0.8318654172955896,0.6907056592704651,0.048122468877753045,0.12231561384327543,0.08921787876861989,0.744654861853371,0.038271751931301216,0.017986386904001676,0.17696701072487606,0.19651109301658368,0.4941945662538815,0.8481830720720522,0.6718633552971948,,,,,,,-92.19445860646081,ljubljana/subject02/lateral
ljubljana,subject03,frontal,horizontal_offset_sign_diagnostic,0.8273353440648086,0.7772843731538323,0.0761856840371934,0.27544417518834036,0.08998436634992207,0.6656748656254478,0.04484306403164118,0.02267754644503878,0.11094182898701833,0.1460214104442299,0.6312629627096024,0.8429085315121623,0.7798433126339793,,,,,,,0.40255736342335796,ljubljana/subject03/frontal
ljubljana,subject03,lateral,horizontal_offset_sign_diagnostic,0.8483760372649166,0.7000540580579273,0.07726277137963158,0.12788662688303912,0.10489828266083982,0.7152051511168916,0.046484366840521665,0.02443333269678694,0.1377402649325445,0.16426686850491648,0.5357871895530109,0.8777810996406317,0.7182480239431548,,,,,,,-70.50475864714872,ljubljana/subject03/lateral
ljubljana,subject04,frontal,horizontal_offset_sign_diagnostic,0.8000210989483848,0.7790588605214499,0.04393538528437194,0.2668170387593186,0.09256809405809541,0.6798996934283087,0.048428926246584375,0.0270903192639435,0.14466018170070724,0.16677433159012275,0.6122845289313271,0.8206247391254187,0.7591029891671659,,,,,,,-6.999939330986239,ljubljana/subject04/frontal
ljubljana,subject04,lateral,horizontal_offset_sign_diagnostic,0.8838694341400063,0.7723037330335829,0.05101581978151152,0.10124031938532692,0.12058400882222751,0.759957214644455,0.04520199654992518,0.02107057999579782,0.2388264123494925,0.2302642187760024,0.5420395142575805,0.8897411160278343,0.7496406928773158,,,,,,,-3.336639391413351,ljubljana/subject04/lateral
ljubljana,subject05,frontal,horizontal_offset_sign_diagnostic,0.8151471553815198,0.7315804900002975,0.05514418135698021,0.4110747067669324,0.08334935930219722,0.5223635467459656,0.04268335762012852,0.026010184398949966,0.17618466510419603,0.1867055250405171,0.5448749649597804,0.8341966287800185,0.69401675141565,,,,,,,17.861144980074535,ljubljana/subject05/frontal
ljubljana,subject05,lateral,horizontal_offset_sign_diagnostic,0.7982346233140208,0.6724173797800141,0.06523858363043498,0.21644419550556981,0.0736556740566793,0.7286115138560264,0.033300039119975325,0.019623746822639027,0.14897083677669196,0.10903307842302001,0.5633843013569941,0.8565929049248621,0.6675940614157305,,,,,,,15.056579225555685,ljubljana/subject05/lateral
ljubljana,subject06,frontal,horizontal_offset_sign_diagnostic,0.9277544591260114,0.8718609515745781,0.14669075594799533,0.036319815978952404,0.11705744675404647,0.9170010782013426,0.029091574405793123,0.005999140684372009,0.1872579881890232,0.23500663555830428,0.6368543160162738,0.9268058032954684,0.8698168083178369,,,,,,,-33.864807956446036,ljubljana/subject06/frontal
ljubljana,subject06,lateral,horizontal_offset_sign_diagnostic,0.820639267584928,0.6134793071439293,0.09663579531305722,0.006253386468621415,0.45838062328626694,0.8853802423874598,0.023059595806393815,0.005154806570877033,0.10133141524424871,0.147119823115523,0.4663594840284063,0.8197172253459677,0.6076613303786862,,,,,,,-16.02069132679843,ljubljana/subject06/lateral
ljubljana,subject07,frontal,horizontal_offset_sign_diagnostic,0.7645938603813821,0.6751497318601967,0.08127987360925348,0.3716281338572384,0.09537848600157758,0.5303417518966057,0.05373706927177962,0.03164390764625175,0.16776681336410249,0.1737524247668024,0.5013973070933943,0.7846938719482428,0.6495378620598439,,,,,,,40.52594132522607,ljubljana/subject07/frontal
ljubljana,subject07,lateral,horizontal_offset_sign_diagnostic,0.9256812916517729,0.7212531792667473,0.11560949243197996,0.21397125826742683,0.1049522634445083,0.7240576728331042,0.03629518374940959,0.01734983445074187,0.37041949366251187,0.17679318620050402,0.5444599930662433,0.9385846033295192,0.7152795141770762,,,,,,,-28.75518814409423,ljubljana/subject07/lateral
ljubljana,subject08,frontal,horizontal_offset_sign_diagnostic,0.8092161736529916,0.7596285410028786,0.0875415640372347,0.26573391184486755,0.11400315570918451,0.6261079268919031,0.05769971630462059,0.03185966033614194,0.18502133035926305,0.1965845631322034,0.5630439778706752,0.8263533384618154,0.7621762523749714,,,,,,,-0.3609619086645899,ljubljana/subject08/frontal
ljubljana,subject08,lateral,horizontal_offset_sign_diagnostic,0.8162496522225731,0.7049520235807489,0.08455624123419775,0.13717496472284524,0.12489106893714842,0.6506271650708365,0.0573907578339324,0.03137777189593953,0.12175395301763883,0.1618378400028694,0.5431141835778796,0.8598261183080863,0.753271046966779,,,,,,,-16.11230444040092,ljubljana/subject08/lateral
ljubljana,subject09,frontal,horizontal_offset_sign_diagnostic,0.7744169991806599,0.7454757441729638,0.05930707181211087,0.4496372615658115,0.09047679166383235,0.4950216619613784,0.051743642005719445,0.03114731377716442,0.10538730704210315,0.0906988674089511,0.6547768767640127,0.7981034407044874,0.7147212993599875,,,,,,,28.70043856826933,ljubljana/subject09/frontal
ljubljana,subject09,lateral,horizontal_offset_sign_diagnostic,0.8524115377088467,0.7217559364526911,0.08183894265181474,0.10710659366609913,0.12392842436559297,0.7087596524704085,0.05188585401675186,0.028686377427741085,0.09702606063281356,0.10148220781373667,0.6202737286389545,0.8626135727391078,0.7111522457135506,,,,,,,49.95977750824523,ljubljana/subject09/lateral
ljubljana,subject10,frontal,horizontal_offset_sign_diagnostic,0.9114457295627142,0.8800074596551536,0.06987800714911663,0.011545645146304963,0.12239140631012954,0.950748329728244,0.02163185333091215,0.00773021711535254,0.03318857385552408,0.09335475963681462,0.786652700018339,0.9128487291782548,0.8774502864364336,,,,,,,39.50763079760401,ljubljana/subject10/frontal
ljubljana,subject10,lateral,horizontal_offset_sign_diagnostic,0.8902307410957038,0.7175386925894339,0.07851380041960884,0.001816351621821545,0.4628668406406137,0.8836728157892753,0.024905689379724743,0.009882332010919483,0.019539246882266114,0.06743229268888942,0.6501063999005445,0.8970805531504036,0.7141509863745555,,,,,,,32.61676100037108,ljubljana/subject10/lateral
